XCoord,YCoord,FID,ADDRESS,HERITAGE_D,BUILDING_N
-83.00073785,42.30041563,0,2146 Windermere Rd,Heritage Register: Listed,House
-83.00123706,42.30024904,1,2145 Windermere Rd,Heritage Register: Listed,McLaughlin House
-83.02582025,42.30112331,2,107-11-21-25-35-39 Shepeherd St. E,Heritage Register: Listed,Helen Terrace House
-82.96898013,42.32906232,3,281 St. Louis Ave,Heritage Register: Listed,Duplex
-82.96902710,42.32915932,4,279 St. Louis Ave,Heritage Register: Listed,Duplex
-82.97378880,42.30717912,5,1970 Rossini Blvd,Heritage Register: Listed,House
-83.06971675,42.30978638,6,2629 Riverside Dr W.,Heritage Register: Listed,John H. Rodd House
-82.98025601,42.32693785,7,274 Pillette Rd,Heritage Register: Listed,Reaume Summer Kitchen House
-82.98025601,42.32693785,8,270 Pillette Rd,Heritage Register: Listed,Joseph Reaume House
-82.98098055,42.32679103,9,271 Pillette Rd,Heritage Register: Listed,Cleve Apartments
-83.01688938,42.31466977,10,1015-17 Pierre Ave/1187-97 Erie St E.,Heritage Register: Listed,Apartments
-83.01717195,42.31512755,11,983-97 Pierre Ave,Heritage Register: Listed,Keith and Lillian Apartments
-83.06953005,42.30949290,12,189 Patricia Rd,Heritage Register: Listed,Milligan House
-83.06902210,42.30980221,13,172 Patricia Rd,Heritage Register: Listed,Clyde W. Curry House
-83.01997665,42.31331833,14,1028 Parent Ave,Heritage Register: Listed,Gilbert-Abrash House
-83.02443347,42.31996138,15,476 Parent Ave,Heritage Register: Listed,Francois Apartments
-83.04012229,42.31864386,16,185 Ouellette Ave Pitt St W,Heritage Register: Designated,Federal Bldg./Dominion Public Bldg. addition
-83.00395715,42.29964530,17,2142 Moy Ave,Heritage Register: Listed,Gordon & Marjorie Preston House
-83.00461037,42.29966006,18,2131 Moy Ave,Heritage Register: Listed,Ludwig Treisz House
-83.00171648,42.30020483,19,2144 Lincoln Rd,Heritage Register: Listed,House
-83.00235224,42.29997970,20,2143 Lincoln Rd,Heritage Register: Listed,Ouellette-Horen House
-83.01724150,42.32318607,21,395-97 Lincoln Rd,Heritage Register: Listed,Crouchman House
-83.06097784,42.29503927,22,1100 Huron Church Rd,Heritage Register: Listed,Chapel, Assumption College High School
-83.02514822,42.31129422,23,1034-36-38-40 Howard Ave,Heritage Register: Listed,Four-unit Terrace
-83.00508803,42.29949876,24,2136 Hall Ave,Heritage Register: Listed,Silverstein House
-83.01318399,42.31084863,25,1247-51 Hall Ave,Heritage Register: Listed,Duplex
-83.03603267,42.30392548,26,430 Giles Blvd W,Heritage Register: Listed,Parkside Apartments
-83.03578151,42.30401348,27,410 Giles Blvd W,Heritage Register: Listed,Parkview Apartments
-82.96677652,42.32982461,28,269 Esdras Pl,Heritage Register: Listed,Ashmore House
-82.96540402,42.32797279,29,866 Esdras Ave,Heritage Register: Listed,Reid-Turner House
-82.96615540,42.32783010,30,861 Esdras Ave,Heritage Register: Listed,Lusby House
-83.01835604,42.31464728,31,1090 Erie St E,Heritage Register: Listed,Apartments
-83.01961384,42.31423592,32,990 Erie St E,Heritage Register: Listed,Killarney Apartments
-83.01978753,42.31417586,33,972 Erie St E,Heritage Register: Listed,Inverness Apartments
-82.97771034,42.32618301,34,824 Dawson Rd,Heritage Register: Listed,House
-82.98769860,42.30426191,35,1882 Cadillac St,Heritage Register: Listed,House
-83.03182013,42.29649146,36,1590-92 Bruce Ave,Heritage Register: Listed,Duplex
-83.03259597,42.29647566,37,1583-85-87 Bruce Ave,Heritage Register: Listed,Triplex
-83.01315425,42.32361880,38,1800-1900 Blocks Brant St,Heritage Register: Listed,Stone Curbs
-83.01320649,42.32369495,39,1800-1900 Blocks Brant St,Heritage Register: Listed,Stone Curbs
-83.01407645,42.32329017,40,1800-1900 Blocks Brant St,Heritage Register: Listed,Stone Curbs
-83.01412161,42.32336749,41,1800-1900 Blocks Brant St,Heritage Register: Listed,Stone Curbs
-83.05980398,42.31175525,42,1766 University Ave W.,Heritage Register: Listed,London Apartments
-83.05491639,42.31325778,43,1314 University Ave W.,Heritage Register: Listed,Francis Apartments
-83.06450344,42.31079846,44,235 Randolph Pl,Heritage Register: Listed,Denomy House
-83.02007975,42.31953246,45,643 Pierre Ave,Heritage Register: Listed,Charron-Nord House
-83.03462807,42.30846869,46,1007 Pelissier St/129 Erie St W.,Heritage Register: Listed,Erie Apartments
-83.05897779,42.30581042,47,629-37 Partington Ave,Heritage Register: Listed,Duplex
-83.05961172,42.30666787,48,559 Partington Ave,Heritage Register: Listed,Apartments
-83.05904089,42.30688353,49,558 Partington Ave,Heritage Register: Listed,Sharron Apartments
-83.05966803,42.30677771,50,547 Partington Ave,Heritage Register: Listed,Apartments
-83.05910128,42.30698352,51,546 Partington Ave,Heritage Register: Listed,Sharron Earl Apartments
-83.01703220,42.30752779,52,1331 Parent Ave,Heritage Register: Listed,Tubaro House
-83.02434552,42.31904861,53,561 Parent Ave,Heritage Register: Listed,Lee-Ann Apartments
-83.01821811,42.30807117,54,854 Ottawa St/ 1286 Elsmere Ave,Heritage Register: Listed,Elsmere Apartments
-83.02531228,42.31728412,55,669-77 Marentette Ave,Heritage Register: Listed,Christian Brothers Academy
-83.02760322,42.31778643,56,561 louis Ave,Heritage Register: Listed,G Adam Apartments
-83.01856467,42.32024309,57,628-34 Hall Ave,Heritage Register: Listed,Kahn Apartments
-83.01859451,42.30792426,58,1285-91 Elsmere/832-34 Ottawa,Heritage Register: Listed,Marwood Apartments
-83.05134973,42.31352444,59,326-30-32 Elm Ave,Heritage Register: Listed,Triplex
-83.05039734,42.31512881,60,261 Crawford Ave,Heritage Register: Listed,Lovell House
-83.00783437,42.31208618,61,1281 Chilver Rd.,Heritage Register: Listed,Cobblestone House and Garage
-83.01352650,42.32183250,62,654 Chilver Rd,Heritage Register: Listed,House
-83.05851282,42.31056575,63,345-47-49 Campbell Ave,Heritage Register: Listed,Triplex
-83.05444236,42.31235107,64,329 Cameron Ave,Heritage Register: Listed,Quadruplex
-82.96883747,42.32882908,65,5690 Wyandotte St E,Heritage Register: Listed,Imperial Bank of Canada
-82.96929563,42.32871059,66,5604-30 Wyandotte St E,Heritage Register: Listed,Goodbrand/Lever Drug Store
-82.97951286,42.32670979,67,4774-80 Wyandotte St E,Heritage Register: Listed,De Mers Block
-82.97966222,42.32621988,68,4739-49 Wyandotte St E,Heritage Register: Listed,Des Ramaux Tailors
-82.98016308,42.32656766,69,4700-10 Wyandotte St E,Heritage Register: Listed,Haynes Drug Store
-83.05152891,42.31376414,70,1099 University Ave W,Heritage Register: Listed,Clavary United Church/London Street Methodist
-82.97187839,42.30652664,71,4355 Tecumseh Rd E,Heritage Register: Listed,Pillar for subdivision
-82.97277850,42.30618767,72,4255 Tecumseh Rd E,Heritage Register: Listed,Pillar for subdivision
-82.97338295,42.30608762,73,Rossini Blvd / Tecumseh Rd E,Heritage Register: Listed,Pillars for subdivision now in City park
-82.97428041,42.30606540,74,4081 Tecumseh Rd E,Heritage Register: Listed,Pillar for Subdivision
-82.99046227,42.30337012,75,2614 Tecumseh Rd E,Heritage Register: Listed,Grachanica Serbian Orthodox Church
-83.00189942,42.30063071,76,1625-33 Tecumseh Rd E,Heritage Register: Listed,Commercial two-storey
-83.00286106,42.30094111,77,1572-98 Tecumseh Rd E,Heritage Register: Listed,Lanspeary's Drugs/Stedman Butcher
-83.00268331,42.30048504,78,1569-77 Tecumseh Rd E,Heritage Register: Listed,Burnside Hardware
-83.00326091,42.30037816,79,1501-15 Tecumseh Rd E,Heritage Register: Listed,Loblaw Groceteria (before 1954)
-83.01382354,42.31083087,80,1240 Pierre Ave,Heritage Register: Listed,St.George Romanian Orthodox Church
-83.02735718,42.30009443,81,1520 Ouellette Ave,Heritage Register: Listed,Curtin House
-83.03901896,42.31694554,82,333 Ouellette Ave.,Heritage Register: Listed,Wilkinson Shoe Store
-83.00886477,42.31124532,83,1600-26 Ottawa St,Heritage Register: Listed,Adams Drug Co. Ltd.
-83.01109590,42.31059478,84,1408 Ottawa St,Heritage Register: Listed,F.W. Woolworth Store
-83.01541373,42.30856615,85,1033-41 Ottawa St,Heritage Register: Listed,Ukrainian National Home
-83.03128932,42.31556838,86,635-45 Mercer St,Heritage Register: Listed,General Motors Products of Canada, Ltd.
-83.01871000,42.31385884,87,1020-28 Langlois Ave,Heritage Register: Listed,P.Blak Bldg./Blak's Bakery
-83.01575864,42.31509394,88,1291-99 Erie St E,Heritage Register: Listed,Duchess Beauty Salon
-83.01859221,42.31457957,89,1064-68 Erie St E,Heritage Register: Listed,Dupuis Bldg./Erie Cycle
-83.01900109,42.31401616,90,1001-15 Erie St E,Heritage Register: Listed,P.Garam Bldg.
-83.02050567,42.31391241,91,900-12 Erie St E,Heritage Register: Listed,Gubb's Pharmacy
-83.01171354,42.32629846,92,2072 Riverside Dr E,Heritage Register: Listed,Hiram Walker Bldg. #26
-83.03045198,42.30585955,93,42 Giles Blvd E,Heritage Register: Listed,Duplex
-83.03059416,42.30580535,94,30 Giles Blvd E,Heritage Register: Listed,Duplex
-83.02995545,42.30422790,95,1290 Ouellette Ave,Heritage Register: Listed,Maple Apartments
-83.03098583,42.30401655,96,1279 Ouellette Ave,Heritage Register: Listed,House
-83.03001105,42.30465682,97,1250-60 Ouellette Ave,Heritage Register: Listed,Paramount Apartments
-83.03008592,42.30479159,98,1250-60 Ouellette Ave,Heritage Register: Listed,Paramount Apartments
-83.03188855,42.30541379,99,1197 Ouellette Ave,Heritage Register: Listed,Firestone Tire Store
-83.03219478,42.30586968,100,1165 Ouellette Ave,Heritage Register: Listed,House
-83.03313987,42.30765483,101,1061 Ouellette Ave,Heritage Register: Listed,Apartments
-83.03331658,42.30790066,102,1049 Ouellette Ave,Heritage Register: Listed,House
-83.03349610,42.30987736,103,960 Ouellette Ave,Heritage Register: Listed,HMCS Hunter / Marketerium
-83.03661111,42.31279724,104,691 Ouellette Ave,Heritage Register: Listed,House
-83.00415171,42.30931532,105,1478 Kildare Rd,Heritage Register: Designated,Cunningham's Sheet Metal
-83.01414172,42.30564451,106,1493 Langlois Ave,Heritage Register: Listed,SS. Vladimir & Olga Ukrainian Catholic Church
-83.03053901,42.26541192,107,1825 Grand Marais Rd W,Heritage Register: Listed,Glenwood United Church
-83.02707182,42.26756471,108,1341 Grand Marais Rd W,Heritage Register: Listed,Yorktown Square Sign
-82.95418535,42.29909470,109,2855 Rivard Ave,Heritage Register: Listed,William G. Davis Public School
-83.03056656,42.29521823,110,451 Tecumseh Rd W,Heritage Register: Listed,Fina Gas Station
-83.04334492,42.31545619,111,444 Park St W,Heritage Register: Listed,Apartments
-82.91927382,42.33659122,112,471 Florence Ave,Heritage Register: Listed,Guido Fantin House
-83.00293033,42.31164330,113,1370 Argyle Rd,Heritage Register: Listed,Gelcell Limited
-82.99837150,42.29745209,114,2305 Chilver Rd,Heritage Register: Listed,House
-83.05446086,42.30653808,115,681 McEwan Ave,Heritage Register: Designated,Holy Name of Mary Church
-82.97284413,42.30611044,116,Rossini Blvd / Tecumseh Rd E,Heritage Register: Listed,Gateway
-83.02559708,42.32380783,117,Riverside Dr E / Langlois Ave,Heritage Register: Listed,Waterworks Pk. Pump House
-83.00167834,42.29356183,118,1075 Ypres Ave / Hall Ave,Heritage Register: Listed,Memorial Park Washrooms
-82.99653966,42.31131173,119,2521 Seminole St,Heritage Register: Listed,Windsor Utilities Comm. Substation
-82.99816688,42.29479504,120,1615 Ypres Ave,Heritage Register: Listed,House
-82.99904562,42.29500958,121,1580 Ypres Ave,Heritage Register: Listed,House
-83.00113263,42.29428570,122,1380 Ypres Ave,Heritage Register: Listed,Harris House
-83.05431764,42.30836381,123,1556 Wyandotte St W,Heritage Register: Listed,J.E. Benson School
-83.04638015,42.31024608,124,885 Wyandotte St W,Heritage Register: Listed,Windsor Utilities Comm. Oliver Perry Substation
-82.98443798,42.28950117,125,2800 Walker Rd,Heritage Register: Listed,Windsor Utilities Comm. Substation
-83.00649335,42.26303112,126,3549 Victoria Blvd,Heritage Register: Listed,John Boyde House
-83.02997730,42.29918000,127,1519 Victoria Ave,Heritage Register: Listed,F.W. Patton House
-83.03241692,42.30425310,128,1234 Victoria Ave,Heritage Register: Listed,Samuel May House
-83.02454428,42.30146788,129,201 Shepherd St E,Heritage Register: Listed,Windsor Truck & Storage
-82.99548007,42.31214687,130,2690 Seminole St,Heritage Register: Listed,St. Dimitrije Church
-82.99883936,42.31170467,131,2480 Seminole St,Heritage Register: Listed,Dominion Forge / Hearn Ind.
-83.03302201,42.30531898,132,1176 Victoria Ave / 160 Giles Blvd W,Heritage Register: Listed,First Lutheran Church
-83.01397526,42.30887810,133,1334 Benjamin Ave / Ottawa St,Heritage Register: Designated,Sacred Heart Rectory (attached to Church)
-83.06684024,42.30311891,134,Huron Church Rd / Wyandotte St W,Heritage Register: Listed,Assumption Cemetery
-83.07160685,42.30817009,135,Huron Church Rd / Riverside Dr W / Wyandotte St W,Heritage Register: Listed,Ambassador Bridge
-83.07085544,42.30859293,136,Riverside Dr W / Huron Church Rd / University Ave W,Heritage Register: Designated,Assumption Park
-82.97307438,42.30605306,137,Rossini Blvd / Tecumseh Rd E,Heritage Register: Listed,Gateway
-82.94016878,42.34255274,138,8560 Riverside Dr E,Heritage Register: Listed,Albert J. Lothian House
-82.99879284,42.29450746,139,2405 Lincoln Rd,Heritage Register: Listed,Henry B. Parsons House
-82.99660303,42.29226168,140,2524 Lincoln Rd,Heritage Register: Listed,Woollatt House
-82.99735871,42.29226636,141,2515 Lincoln Rd,Heritage Register: Listed,S. Taylor House
-82.99782324,42.29417200,142,2436 Lincoln Rd,Heritage Register: Listed,House
-83.01576608,42.31098381,143,1250 Langlois Ave / Giles Blvd E / Ottawa St,Heritage Register: Listed,Lanspeary Park Gates
-83.01516228,42.31006312,144,1250 Langlois Ave,Heritage Register: Listed,Lanspeary Park Bandstand
-83.01511784,42.31088254,145,1250 Langlois Ave / 1149 Giles Blvd E,Heritage Register: Listed,Lanspeary Park Greenhouse
-83.00652265,42.31939148,146,958 Monmouth Rd,Heritage Register: Listed,Terrace
-82.99878058,42.29349039,147,2448 Gladstone Ave,Heritage Register: Listed,House
-82.99932627,42.29431190,148,2406 Gladstone Ave,Heritage Register: Listed,Wallace Fox House
-83.02443700,42.30750649,149,455 Giles Blvd E / Mercer St,Heritage Register: Listed,Windsor Grove Cemetery and Mausoleum
-83.02422354,42.30682606,150,455 Giles Blvd E,Heritage Register: Listed,Windsor Grove Cemetery Shed
-82.99505638,42.31394106,151,1410 Drouillard Rd,Heritage Register: Listed,Holy Trinity Russian Orthodox Church
-83.00640639,42.31329114,152,1948 Devonshire Crt,Heritage Register: Listed,House
-83.00658581,42.31319622,153,1924 Devonshire Crt,Heritage Register: Listed,House
-83.00676421,42.31313554,154,1912 Devonshire Crt,Heritage Register: Listed,House
-82.99973180,42.29936968,155,2229 Chilver Rd,Heritage Register: Listed,Hugh Beaton School
-83.00066270,42.30086950,156,2115 Chilver Rd,Heritage Register: Listed,St. Barnabas Church
-83.05516242,42.30635310,157,682 Campbell Ave,Heritage Register: Listed,House
-83.05878386,42.31095251,158,329 Campbell Ave,Heritage Register: Listed,House
-83.00967493,42.32103003,159,823 Argyle Rd,Heritage Register: Designated,Elmcroft Carriage House
-83.00990087,42.32120442,160,819 Argyle Rd,Heritage Register: Designated,Wallmay Carriage House
-83.01017565,42.32161535,161,791-93 Argyle Rd,Heritage Register: Listed,House, brick garage
-82.98967184,42.30987884,162,1646 Alexis Rd,Heritage Register: Listed,Gordon McGregor School
-82.99071666,42.32582749,163,3857 Riverside Dr E,Heritage Register: Listed,Robert Barr House "Inn on the River" & Fence
-82.98917783,42.32612804,164,3975 Riverside Dr E,Heritage Register: Designated,Frank H. Joyce House
-82.93111411,42.33985554,165,9230 Riverside Dr E / Riverdale Ave,Heritage Register: Listed,Pelee Passage Lighthouse
-83.03856661,42.32072720,166,Riverside Dr E / near Goyeau St,Heritage Register: Listed,CNR Barge Lifts
-83.02036210,42.32474210,167,Moy Ave / Riverside Dr E,Heritage Register: Listed,Cairn-Moy Hall
-83.02067643,42.29353417,168,125 Tecumseh Rd E / Ouellette Ave,Heritage Register: Listed,Jackson Park Bandshell
-83.02261386,42.29528081,169,125 Tecumseh Rd E / Ouellette Ave,Heritage Register: Listed,Jackson Park- Boer Memorial
-83.02475939,42.29616111,170,125 Tecumseh Rd E / Ouellette Ave,Heritage Register: Listed,Jackson Park Gateway
-83.02054851,42.32470195,171,Moy Ave / Riverside Dr E,Heritage Register: Listed,Cairn-Moy Hall
-82.96462848,42.32711161,172,5955 Ontario St,Heritage Register: Designated,Edith Cavell School
-83.03667848,42.31088224,173,824 Victoria Ave,Heritage Register: Listed,Pacaud-Bowlby House
-82.93405472,42.25251776,174,4639 9th Concession Rd,Heritage Register: Listed,John Hayes House
-82.93794707,42.26439731,175,5680 Baseline Rd,Heritage Register: Listed,William Ure House/Farm
-82.93438908,42.24856190,176,4799 9th Concession Rd,Heritage Register: Listed,Patrick Hayes House
-82.91391064,42.25414806,177,4601 County Rd 17 (10th Concession),Heritage Register: Listed,Dolphice St. Louis House
-82.99208247,42.25445393,178,605 Ducharme St,Heritage Register: Listed,Alfred Tubaro House
-82.99669891,42.30490623,179,1785 Walker Rd,Heritage Register: Listed,Teron Bldg.
-83.02719243,42.30865634,180,1123 Mercer St,Heritage Register: Designated,International Playing Card Co.
-83.03498763,42.30704118,181,1065 Victoria Ave,Heritage Register: Listed,Kerby-London House
-82.99793508,42.30681044,182,1691 Walker Rd,Heritage Register: Listed,Colonial Tool
-83.00621873,42.25079021,183,455 Kennedy Dr W,Heritage Register: Designated,Roseland Golf Course
-83.07670895,42.29948748,184,3305 Sandwich St,Heritage Register: Designated,St. John's Anglican Church
-83.03023973,42.31515631,185,710 Mercer St,Heritage Register: Listed,First Baptist Church
-83.03365558,42.31694080,186,445 McDougall St,Heritage Register: Listed,Windsor Utilities Comm. Anderson Substation
-83.00140155,42.30562750,187,1680 Kildare Rd,Heritage Register: Listed,Windsor Tool & Die
-83.00510906,42.31816016,188,1057 Walker Rd,Heritage Register: Listed,Walkerville Transformer Substation
-83.06810340,42.30703056,189,401 Sunset Ave,Heritage Register: Listed,Memorial Hall, University of Windsor
-83.06766488,42.30634165,190,401 Sunset Ave,Heritage Register: Listed,Dillon Hall, U. of Windsor; was Assumption H.S.
-83.00025901,42.32596610,191,3001 Riverside Dr E / 3150 Wyandotte St E,Heritage Register: Listed,Ford Powerhouse
-83.02489781,42.31090319,192,1070 Howard Ave,Heritage Register: Listed,Cobblestone House
-83.04161081,42.31464284,193,462 Church St,Heritage Register: Listed,Cobblestone House
-83.07315176,42.29114152,194,3650 Wells St / 940 Prince Rd,Heritage Register: Listed,Maryvale Convent
-83.00782560,42.32244334,195,785 Walker Rd,Heritage Register: Listed,Semi-Detached House
-83.03933078,42.31498337,196,468 Victoria Ave,Heritage Register: Listed,House
-83.06987004,42.30722392,197,2735 University Ave W / Huron Church Rd,Heritage Register: Designated,Rosary Chapel & Sacristy
-83.02861317,42.29629768,198,1680 Dougall Ave,Heritage Register: Listed,Westminster United Church
-83.00590698,42.29903016,199,1255 Tecumseh Rd E,Heritage Register: Designated,John Campbell School
-83.00996054,42.32012875,200,1983 St. Mary's Gate,Heritage Register: Listed,St. Mary's Church, Rectory, Cemetery, Lych Gate, Parish Hall
-83.03651136,42.31264363,201,716 Pelissier St / 703-17 Ouellette Ave,Heritage Register: Designated,Knights of Columbus Hall / Auditorium Bldg.
-83.03946460,42.31597405,202,125-31 Park St W / 405 Pelissier St,Heritage Register: Listed,Park Apartments
-83.03498746,42.31026735,203,895 Ouellette Ave,Heritage Register: Listed,Anderson Funeral Home
-83.00903836,42.32202343,204,797 Monmouth Rd,Heritage Register: Listed,House
-83.00843810,42.32238940,205,778 Monmouth Rd,Heritage Register: Listed,Semi-Detached House
-83.00703851,42.31371717,206,1232 Kildare Rd,Heritage Register: Listed,Semi-Detached House
-83.01346727,42.32278165,207,589 Kildare Rd / 1880 Wyandotte St E,Heritage Register: Listed,Joseph Dale House / Kildare House Tavern
-83.02691448,42.29797045,208,36 Hanna St W,Heritage Register: Listed,El Dorado Apartments
-83.01406163,42.30668251,209,1035 Ellis St E,Heritage Register: Listed,Holy Trinity Church
-83.00556605,42.27922640,210,620 North Service Rd / EC Row Expy,Heritage Register: Listed,Windsor Gas Co. / Woodall Construction
-83.01076201,42.32268970,211,657-93 Argyle Rd,Heritage Register: Listed,Argyle Apartments
-83.03341816,42.30577514,212,1148 Victoria Ave,Heritage Register: Designated,Kathleen Henderson House
-83.04008781,42.31687920,213,121 University Ave W,Heritage Register: Designated,Capitol Theatre
-83.03807666,42.31735584,214,353 Freedom Way / 37 University Ave E,Heritage Register: Designated,Windsor Armouries
-83.07461434,42.30146366,215,363 Mill St,Heritage Register: Designated,Sandwich Stable
-83.05343455,42.30792212,216,1495 Wyandotte St W,Heritage Register: Designated,Major John Richardson Library
-83.01228616,42.32276672,217,1969 Wyandotte St E,Heritage Register: Listed,Dr. C.W. Hoare Residence
-82.98517552,42.32503521,218,4219 Wyandotte St E,Heritage Register: Listed,Stanislas Janisse House
-83.01130286,42.32360765,219,2090 Wyandotte St E,Heritage Register: Listed,Walkerville Hydro Electric Comm. Bldg.
-83.01247234,42.32312016,220,1958-98 Wyandotte St E,Heritage Register: Listed,Strathcona Bldg.
-83.01428414,42.32196256,221,1755-67 Wyandotte St E,Heritage Register: Listed,Bates Bldg.
-83.01439987,42.32192085,222,1739-47 Wyandotte St E,Heritage Register: Listed,Commercial Block
-83.01447718,42.32189136,223,1731-37 Wyandotte St E,Heritage Register: Listed,Commercial Block
-83.01456961,42.32186570,224,1719-23 Wyandotte St E,Heritage Register: Listed,Commercial Block
-83.01466431,42.32183988,225,1701 Wyandotte St E,Heritage Register: Listed,Home Bank
-83.01500188,42.32172241,226,1687 Wyandotte St E,Heritage Register: Listed,Thomas A. McCormick House
-83.01562013,42.32155502,227,1601 Wyandotte St E,Heritage Register: Listed,Pickard Bldg. / Toronto Dominion Bank
-83.01625081,42.32178493,228,1586-98 Wyandotte St E,Heritage Register: Designated,Imperial Bank of Canada
-83.01653488,42.32168156,229,1564 Wyandotte St E,Heritage Register: Listed,Tivoli Theatre
-83.01691282,42.32155157,230,1506-12 Wyandotte St E,Heritage Register: Listed,Trott's Shoes
-83.01777480,42.32122341,231,1424-32 Wyandotte St E,Heritage Register: Listed,Pasadena Block
-83.01867530,42.32039599,232,1301-27 Wyandotte St E,Heritage Register: Listed,Commercial Block
-83.01931151,42.32063259,233,1292 Wyandotte St E,Heritage Register: Listed,Commercial Bldg.
-83.02422182,42.31884533,234,892 Wyandotte St E,Heritage Register: Listed,Wyandotte Tavern
-83.02950393,42.31652763,235,505-15 Wyandotte St E,Heritage Register: Listed,Meretsky Block
-83.03678056,42.31850929,236,245 Windsor Ave,Heritage Register: Listed,Essex County Court House
-83.00906948,42.31323137,237,1222 Windermere Rd,Heritage Register: Listed,House
-83.01219875,42.31726570,238,967 Windermere Rd,Heritage Register: Listed,House
-83.01204476,42.31797974,239,936 Windermere Rd,Heritage Register: Listed,Charles Porter House
-83.01277970,42.31815552,240,917 Windermere Rd,Heritage Register: Listed,House
-83.01292764,42.31839348,241,905 Windermere Rd,Heritage Register: Listed,House
-83.01315629,42.31875104,242,897 Windermere Rd,Heritage Register: Listed,Chalmers United Ch./1st Presbyterian Walkerville
-83.01391720,42.32089606,243,730 Windermere Rd,Heritage Register: Listed,E. Hamilton Collins House
-83.00838868,42.31779540,244,2094 Willistead Cres,Heritage Register: Listed,House
-83.00772563,42.31801244,245,2080 Willistead Cres,Heritage Register: Listed,C.W. Isaacs House
-83.00794593,42.31855635,246,2077 Willistead Cres,Heritage Register: Designated,Dr. Roy J. Coyle House
-83.00745812,42.31811875,247,2072 Willistead Cres,Heritage Register: Listed,R.E. Holmes House
-83.00786224,42.31961054,248,2038 Willistead Cres,Heritage Register: Listed,C.E. Platt House
-83.00818361,42.31950532,249,2032 Willistead Cres,Heritage Register: Listed,T.A. McCormick House
-83.00840101,42.31942268,250,2026 Willistead Cres,Heritage Register: Listed,C.D. Brown House
-83.00815434,42.31891467,251,2025 Willistead Cres,Heritage Register: Listed,A.E. Thompson House
-83.00864514,42.31934534,252,2020 Willistead Cres,Heritage Register: Listed,Mayor R.L. Daniels House
-83.00839963,42.31883217,253,2019 Willistead Cres,Heritage Register: Listed,C.A. Lanspeary House
-83.00908391,42.31919391,254,2008 Willistead Cres,Heritage Register: Listed,E.C. Griggs House
-83.00889059,42.31866628,255,2005 Willistead Cres,Heritage Register: Listed,C.A. Chilver House
-83.00927822,42.31912722,256,2002 Willistead Cres,Heritage Register: Listed,Andrew Walker Reid House
-83.00786929,42.32250897,257,777 Walker Rd,Heritage Register: Listed,Semi-Detached House
-83.00790657,42.32257686,258,769 Walker Rd,Heritage Register: Listed,Semi-Detached House
-83.00822612,42.32306682,259,715 Walker Rd,Heritage Register: Designated,Semi-Detached House
-83.00859112,42.32462855,260,530 Walker Rd,Heritage Register: Listed,Standard Printing
-83.02512989,42.29293016,261,2284 Victoria Ave,Heritage Register: Listed,House
-83.02522402,42.29306769,262,2276 Victoria Ave,Heritage Register: Listed,House
-83.02560399,42.29365968,263,2242 Victoria Ave,Heritage Register: Listed,House
-83.02651450,42.29386591,264,2215 Victoria Ave,Heritage Register: Listed,House
-83.02662730,42.29406830,265,2203 Victoria Ave,Heritage Register: Listed,House
-83.02619119,42.29455443,266,2196 Victoria Ave,Heritage Register: Listed,House
-83.02686771,42.29443230,267,2189 Victoria Ave,Heritage Register: Listed,House
-83.02646392,42.29499891,268,2168 Victoria Ave,Heritage Register: Listed,House
-83.02657716,42.29514849,269,2158 Victoria Ave,Heritage Register: Listed,House
-83.02676357,42.29544261,270,2138 Victoria Ave,Heritage Register: Listed,House
-83.02852608,42.29689664,271,1617-19 Victoria Ave,Heritage Register: Listed,Duplex
-83.03093812,42.30223111,272,1376 Victoria Ave,Heritage Register: Listed,Victoria School
-83.03362253,42.30486909,273,1185-93 Victoria Ave,Heritage Register: Listed,W.A. Watts-Emery House
-83.03635828,42.30904112,274,951-53 Victoria Ave,Heritage Register: Listed,Thistle-McHugh House
-83.03611082,42.30998572,275,902 Victoria Ave,Heritage Register: Listed,F.V. Wonnall House
-83.03682924,42.30977233,276,899 Victoria Ave,Heritage Register: Listed,W.J. Willoughby House
-83.03622049,42.31013496,277,890 Victoria Ave,Heritage Register: Listed,Edward C. Kenning House
-83.03638842,42.31043444,278,860 Victoria Ave,Heritage Register: Listed,Brown House
-83.03648947,42.31059641,279,850 Victoria Ave,Heritage Register: Listed,W.R. Campbell House
-83.03721537,42.31038547,280,849 Victoria Ave,Heritage Register: Listed,Black-Taylor House
-83.03658858,42.31072919,281,838 Victoria Ave,Heritage Register: Listed,James H. Kenning House
-83.03728878,42.31049552,282,837 Victoria Ave,Heritage Register: Listed,House
-83.03738566,42.31062527,283,825 Victoria Ave,Heritage Register: Designated,Frederick Allworth House
-83.03679393,42.31103723,284,806 Victoria Ave,Heritage Register: Listed,Clarke-Bowlby House
-83.03768180,42.31108773,285,801 Victoria Ave,Heritage Register: Listed,William C. Kennedy House
-83.03706142,42.31135506,286,782 Victoria Ave,Heritage Register: Listed,Copeland House
-83.03709948,42.31150576,287,772 Victoria Ave,Heritage Register: Listed,Richard Beasley House
-83.03740276,42.31203655,288,728 Victoria Ave,Heritage Register: Listed,Thomas Wrong House
-83.03747352,42.31212575,289,718 Victoria Ave,Heritage Register: Listed,David Eagle House
-83.03757039,42.31225500,290,706 Victoria Ave,Heritage Register: Listed,Taylor House
-83.03830081,42.31210173,291,697 Victoria Ave,Heritage Register: Listed,Revell House
-83.03838246,42.31221778,292,685 Victoria Ave,Heritage Register: Listed,Bauer House
-83.03845981,42.31232766,293,677 Victoria Ave,Heritage Register: Listed,Robert Sutherland House
-83.03806080,42.31301727,294,640 Victoria Ave,Heritage Register: Listed,Emery House
-83.03875906,42.31407721,295,548 Victoria Ave,Heritage Register: Listed,House
-83.03891229,42.31436873,296,518 Victoria Ave,Heritage Register: Listed,House now Commercial
-83.04053440,42.31553171,297,405 Victoria Ave,Heritage Register: Listed,St. Andrew's Presbyterian Church
-83.04110594,42.31644757,298,345 Victoria Ave,Heritage Register: Listed,Sutherland-Sheppard House
-83.05495182,42.31262911,299,1385 University Ave W,Heritage Register: Listed,Church of the Ascension
-83.05325661,42.31437949,300,1200-20 University Ave W,Heritage Register: Listed,S.W.&A. Car Barns
-83.05247097,42.31411774,301,1100 University Ave W,Heritage Register: Listed,Government of Canada Bldg.
-83.03985878,42.31758067,302,52-98 University Ave W,Heritage Register: Listed,Bartlet Bldg.
-82.97161774,42.32924241,303,264 Thompson Blvd,Heritage Register: Listed,House
-82.97227541,42.33029038,304,232 Thompson Blvd,Heritage Register: Listed,House
-82.97337672,42.33051416,305,215 Thompson Blvd,Heritage Register: Listed,House
-82.99671386,42.30216651,306,2000 Tecumseh Rd E,Heritage Register: Listed,St. Vladimir Ukrainian Orthodox Cathedral
-83.01826624,42.29696430,307,441 Tecumseh Rd E,Heritage Register: Listed,Guppy/Commerce/Catholic Central High School
-83.02072021,42.29560043,308,245 Tecumseh Rd E,Heritage Register: Listed,W.C. Kennedy High School
-82.99336595,42.31227112,309,2895 Seminole St,Heritage Register: Designated,Descent of the Holy Ghost Church
-83.07959844,42.29607471,310,3474 Sandwich St,Heritage Register: Listed,Richard Pollard House
-83.07811957,42.29725414,311,3403 Sandwich St,Heritage Register: Listed,House
-83.07805662,42.29897948,312,3340 Sandwich St,Heritage Register: Designated,Bedford United Church
-82.95340978,42.32981099,313,891 St. Rose Ave,Heritage Register: Designated,St. Rose of Lima Church
-83.01123677,42.32050277,314,1948 St. Mary's Gate,Heritage Register: Listed,Harrington E. Walker House & Garage
-82.95822600,42.32893505,315,883 St. Mary's Blvd,Heritage Register: Listed,T.A. Janisse House
-83.07654304,42.30296566,316,3177 Russell St,Heritage Register: Listed,House
-82.98609413,42.32639824,317,248 Rossini Blvd,Heritage Register: Listed,House
-82.98681705,42.32614082,318,247 Rossini Blvd,Heritage Register: Listed,House
-83.06456610,42.31215633,319,2161 Riverside Dr W,Heritage Register: Designated,Ross-Struthers House
-83.06385975,42.31266183,320,2081 Riverside Dr W,Heritage Register: Listed,Cpt. J. Carney House
-83.05391659,42.31652880,321,1121-63 Riverside Dr W,Heritage Register: Listed,Terrace
-82.90620252,42.33523739,322,11382 Riverside Dr E,Heritage Register: Listed,House
-82.92107992,42.33914971,323,10150 Riverside Dr E,Heritage Register: Listed,Monarch Liqueurs / W.L. Webster Mfg. Ltd.
-82.94110246,42.34212109,324,8490 Riverside Dr E,Heritage Register: Listed,House
-82.94608202,42.34225926,325,8150 Riverside Dr E,Heritage Register: Listed,House
-82.95204064,42.33489491,326,7341 Riverside Dr E,Heritage Register: Listed,House
-82.95394373,42.33308184,327,7075 Riverside Dr E,Heritage Register: Listed,Leandre St. Louis House
-82.95853913,42.33352996,328,6660 Riverside Dr E,Heritage Register: Listed,James Barth House
-82.95879904,42.33347955,329,6630 Riverside Dr E,Heritage Register: Listed,Norman McCormick House
-82.95925079,42.33153763,330,6515 Riverside Dr E,Heritage Register: Listed,Crassweller House
-82.96046743,42.33144131,331,6425 Riverside Dr E,Heritage Register: Listed,Sen. William T. McGraw House
-82.96101803,42.33160380,332,6405 Riverside Dr E,Heritage Register: Listed,Pierre Belleperche House
-82.96352964,42.33165678,333,6213 Riverside Dr E,Heritage Register: Listed,Ulysses G. Reaume House
-82.96406048,42.33161287,334,6185 Riverside Dr E,Heritage Register: Listed,Patrice Reaume House
-82.96619749,42.33165205,335,6015 Riverside Dr E,Heritage Register: Listed,U.R. Loranger House
-82.96786967,42.33149049,336,5885 Riverside Dr E,Heritage Register: Listed,Morris House
-82.96840822,42.33243292,337,5880 Riverside Dr E,Heritage Register: Listed,Clifford Hatch-John McCabe House
-82.96859183,42.33239917,338,5860 Riverside Dr E,Heritage Register: Listed,House
-82.96878427,42.33237236,339,5840 Riverside Dr E,Heritage Register: Listed,House
-82.97060771,42.33129126,340,5635 Riverside Dr E,Heritage Register: Listed,Euclid Joinville House / St. Louis Farmlot
-82.97174168,42.33195146,341,5590 Riverside Dr E,Heritage Register: Listed,Crittenden House
-82.97501391,42.33053543,342,5265 Riverside Dr E,Heritage Register: Listed,George Janisse House
-82.98209212,42.32758529,343,4569 Riverside Dr E,Heritage Register: Listed,Barnabe Janisse House
-82.98421194,42.32715542,344,4385 Riverside Dr E,Heritage Register: Listed,House
-82.98468810,42.32706386,345,4347 Riverside Dr E,Heritage Register: Listed,House
-82.98494545,42.32701373,346,4337 Riverside Dr E,Heritage Register: Listed,House
-82.98570905,42.32690937,347,4283 Riverside Dr E,Heritage Register: Listed,Parent House
-82.98647503,42.32681793,348,4221 Riverside Dr E,Heritage Register: Listed,Charles J. Montreuil House
-82.98715579,42.32681812,349,4187 Riverside Dr E,Heritage Register: Designated,Montreuil-Buckland-Vichos House
-82.98768573,42.32773510,350,4182 Riverside Dr E,Heritage Register: Listed,House
-82.98777723,42.32770677,351,4162 Riverside Dr E,Heritage Register: Listed,House
-82.98741129,42.32675138,352,4147 Riverside Dr E,Heritage Register: Listed,Edmund C. Poisson House
-82.99715501,42.32695189,353,3404 Riverside Dr E,Heritage Register: Listed,Cruickshank House & Garage
-82.99737698,42.32693677,354,3368 Riverside Dr E,Heritage Register: Listed,Charles Pratt House
-82.99761187,42.32693080,355,3336 Riverside Dr E,Heritage Register: Listed,Damase Pratt House
-83.00243159,42.32612490,356,2879 Riverside Dr E,Heritage Register: Designated,Our Lady of the Rosary Church
-83.01618195,42.32506418,357,1755-85 Riverside Dr E,Heritage Register: Listed,Grier Apartments
-83.01745946,42.32493243,358,1647 Riverside Dr E,Heritage Register: Listed,House
-83.01818839,42.32487195,359,1579 Riverside Dr E,Heritage Register: Listed,House
-83.02957060,42.32162359,360,711 Riverside Dr E,Heritage Register: Listed,Commercial Bldg.
-83.00694047,42.31719562,361,2100 Richmond St,Heritage Register: Listed,Walkerville High School
-83.00810374,42.31603459,362,1941 Richmond St,Heritage Register: Listed,Dr. Peter A. Dewar House
-83.00896822,42.31572749,363,1857 Richmond St,Heritage Register: Listed,Edgewood - Wallace Campbell House
-83.06393788,42.31122397,364,218 Randolph Pl,Heritage Register: Listed,House
-83.06471087,42.31114522,365,205 Randolph Pl,Heritage Register: Listed,Eugene Baby House
-82.99729728,42.32551953,366,243 Pratt Pl,Heritage Register: Listed,House
-82.97825018,42.32270050,367,973 Pillette Rd,Heritage Register: Listed,St. Paul's United Church
-82.98030896,42.32705688,368,270 Pillette Rd,Heritage Register: Listed,Joseph Reaume House
-83.07547958,42.29854027,369,3327 Peter St,Heritage Register: Listed,Israel Splitlog House
-83.07392187,42.30106346,370,3215 Peter St,Heritage Register: Listed,Vickers-Gray House
-83.03123957,42.30334352,371,1307 Pelissier St / 107 Montrose St,Heritage Register: Listed,House
-83.03464623,42.30941241,372,962 Pelissier St,Heritage Register: Listed,Phoenix Apartments
-83.04028814,42.31751446,373,267 Pelissier St,Heritage Register: Listed,Security Bldg.
-82.96254010,42.32901809,374,833 Patrice Dr,Heritage Register: Listed,G.G. Kew House
-83.04129097,42.31593738,375,280 Park St W,Heritage Register: Listed,Royal Windsor Apartments
-83.02574567,42.32104385,376,303 Parent Ave,Heritage Register: Listed,House
-83.03651690,42.31648296,377,85 Park St E,Heritage Register: Listed,St. Alphonsus Church
-83.03426738,42.31129377,378,850 Ouellette Ave,Heritage Register: Listed,Windsor Public Library - Main
-83.02568855,42.29784718,379,1616 Ouellette Ave,Heritage Register: Listed,Windsor Court Apartments
-83.02885157,42.30276428,380,1382 Ouellette Ave,Heritage Register: Listed,Ambassador Apartments
-83.02932022,42.30352893,381,1338 Ouellette Ave,Heritage Register: Listed,Casa del Mara Apartments
-83.02989224,42.30410583,382,1304 Ouellette Ave,Heritage Register: Listed,House
-83.03108523,42.30626074,383,1164 Ouellette Ave,Heritage Register: Listed,Kensington Manor Apartments
-83.03252362,42.30639197,384,1139 Ouellette Ave,Heritage Register: Listed,Janisse Bros. Funeral Home - Leo Page House
-83.03538895,42.31112684,385,841 Ouellette Ave,Heritage Register: Listed,J.D. Arthur Deziel House
-83.03604049,42.31190325,386,787 Ouellette Ave,Heritage Register: Listed,Windsor Utilities Comm. Office Bldg.
-83.03616323,42.31379849,387,628 Ouellette Ave,Heritage Register: Listed,Central United Church
-83.03768269,42.31492829,388,507-19 Ouellette Ave,Heritage Register: Listed,Pascoe Bldg.
-83.03784715,42.31510851,389,493 Ouellette Ave,Heritage Register: Listed,Lazare's Furs Building and Sign.
-83.03829203,42.31689017,390,374 Ouellette Ave,Heritage Register: Designated,Canada Bldg.
-83.03947379,42.31764227,391,285 Ouellette Ave,Heritage Register: Listed,Imperial Bank of Canada
-83.03990568,42.31845259,392,185 Ouellette Ave.,Heritage Register: Designated,Federal Bldg./Dominion Public Bldg./Paul Martin
-83.00691157,42.31135320,393,1799 Ottawa St,Heritage Register: Listed,King George School now École L'Envolée
-83.00613990,42.31471454,394,2021 Ontario St,Heritage Register: Designated,Low-Martin House / Devonshire Lodge
-83.00682048,42.31450663,395,1989 Ontario St,Heritage Register: Listed,House
-83.00697696,42.31444512,396,1975 Ontario St,Heritage Register: Listed,House
-83.00714974,42.31437721,397,1945 Ontario St,Heritage Register: Listed,House
-83.00732268,42.31431419,398,1929 Ontario St,Heritage Register: Listed,House
-83.00805966,42.31416280,399,1875 Ontario St,Heritage Register: Listed,Pat Sturn House
-83.04998922,42.31228232,400,435 Oak St,Heritage Register: Listed,House
-82.96774190,42.30961967,401,1991 Norman Rd,Heritage Register: Listed,St. Therese Church
-83.03198507,42.27731891,402,1320 Northwood St,Heritage Register: Listed,Windsor Mosque
-83.00832954,42.31989335,403,2131 Niagara St,Heritage Register: Listed,House
-83.00859238,42.31979512,404,2107 Niagara St,Heritage Register: Listed,Frederick M. Allworth House
-83.00887489,42.31970091,405,2079 Niagara St,Heritage Register: Listed,Bartlet House
-83.00912906,42.31961443,406,2049 Niagara St,Heritage Register: Listed,Henry A. White House
-83.00942515,42.31950770,407,2033 Niagara St,Heritage Register: Listed,John Duck House
-83.01952795,42.32267721,408,397 Moy Ave,Heritage Register: Listed,House
-83.00521279,42.31717424,409,1104 Monmouth Rd,Heritage Register: Listed,House
-83.00531520,42.31747480,410,1094 Monmouth Rd,Heritage Register: Listed,Terrace
-83.00535024,42.31753779,411,1092 Monmouth Rd,Heritage Register: Listed,Terrace
-83.00539474,42.31760378,412,1086 Monmouth Rd,Heritage Register: Listed,Terrace
-83.00542659,42.31767495,413,1084 Monmouth Rd,Heritage Register: Listed,Terrace
-83.00547007,42.31774502,414,1076 Monmouth Rd,Heritage Register: Listed,Terrace
-83.00550736,42.31780648,415,1070 Monmouth Rd,Heritage Register: Listed,Terrace
-83.00554585,42.31786931,416,1066 Monmouth Rd,Heritage Register: Listed,Terrace
-83.00558199,42.31793080,417,1064 Monmouth Rd,Heritage Register: Listed,Terrace
-83.00562543,42.31800998,418,1056 Monmouth Rd,Heritage Register: Listed,Terrace
-83.00568091,42.31807469,419,1054 Monmouth Rd,Heritage Register: Listed,Terrace
-83.00570831,42.31813514,420,1046 Monmouth Rd,Heritage Register: Listed,Terrace
-83.00575804,42.31820005,421,1044 Monmouth Rd,Heritage Register: Listed,Terrace
-83.00579759,42.31826543,422,1036 Monmouth Rd,Heritage Register: Listed,Terrace
-83.00584994,42.31833515,423,1034 Monmouth Rd,Heritage Register: Listed,Terrace
-83.00588304,42.31839936,424,1026 Monmouth Rd,Heritage Register: Listed,Terrace
-83.00592285,42.31846752,425,1024 Monmouth Rd,Heritage Register: Listed,Terrace
-83.00596302,42.31853686,426,1016 Monmouth Rd,Heritage Register: Listed,Terrace
-83.00600578,42.31859961,427,1012 Monmouth Rd,Heritage Register: Listed,Terrace
-83.00604654,42.31866686,428,1008 Monmouth Rd,Heritage Register: Listed,Terrace
-83.00609341,42.31873459,429,1004 Monmouth Rd,Heritage Register: Listed,Terrace
-83.00614460,42.31882484,430,994 Monmouth Rd,Heritage Register: Listed,House
-83.00621508,42.31893248,431,988 Monmouth Rd,Heritage Register: Listed,House
-83.00636000,42.31913758,432,974 Monmouth Rd,Heritage Register: Listed,Terrace
-83.00640030,42.31920058,433,972 Monmouth Rd,Heritage Register: Listed,Terrace
-83.00643249,42.31926163,434,968 Monmouth Rd,Heritage Register: Listed,Terrace
-83.00647245,42.31932969,435,966 Monmouth Rd,Heritage Register: Listed,Terrace
-83.00657027,42.31946067,436,956 Monmouth Rd,Heritage Register: Listed,Terrace
-83.00660052,42.31952687,437,952 Monmouth Rd,Heritage Register: Listed,Terrace
-83.00664488,42.31958830,438,950 Monmouth Rd,Heritage Register: Listed,Terrace
-83.00668674,42.31965365,439,946 Monmouth Rd,Heritage Register: Listed,Terrace
-83.00671957,42.31970390,440,942 Monmouth Rd,Heritage Register: Listed,Terrace
-83.00675036,42.31975210,441,940 Monmouth Rd,Heritage Register: Listed,Terrace
-83.00679552,42.31980777,442,936 Monmouth Rd,Heritage Register: Listed,Terrace
-83.00683182,42.31986905,443,934 Monmouth Rd,Heritage Register: Listed,Terrace
-83.00686293,42.31991695,444,930 Monmouth Rd,Heritage Register: Listed,Terrace
-83.00689196,42.31996657,445,928 Monmouth Rd,Heritage Register: Listed,Terrace
-83.00693017,42.32002584,446,926 Monmouth Rd,Heritage Register: Listed,Terrace
-83.00802170,42.32044183,447,897 Monmouth Rd,Heritage Register: Listed,Terrace
-83.00805606,42.32049393,448,893 Monmouth Rd,Heritage Register: Listed,Terrace
-83.00808720,42.32054767,449,891 Monmouth Rd,Heritage Register: Listed,Terrace
-83.00812269,42.32059371,450,887 Monmouth Rd,Heritage Register: Listed,Terrace
-83.00733649,42.32068723,451,896 Monmouth Rd,Heritage Register: Listed,Terrace
-83.00736428,42.32073915,452,892 Monmouth Rd,Heritage Register: Listed,Terrace
-83.00740650,42.32079012,453,890 Monmouth Rd,Heritage Register: Listed,Terrace
-83.00744466,42.32084780,454,886 Monmouth Rd,Heritage Register: Listed,Terrace
-83.00815421,42.32065448,455,883 Monmouth Rd,Heritage Register: Listed,Terrace
-83.00819755,42.32070444,456,879 Monmouth Rd,Heritage Register: Listed,Terrace
-83.00821326,42.32074875,457,877 Monmouth Rd,Heritage Register: Listed,Terrace
-83.00825125,42.32080623,458,873 Monmouth Rd,Heritage Register: Listed,Terrace
-83.00748039,42.32090642,459,882 Monmouth Rd,Heritage Register: Listed,Terrace
-83.00750706,42.32095420,460,878 Monmouth Rd,Heritage Register: Listed,Terrace
-83.00753444,42.32100385,461,876 Monmouth Rd,Heritage Register: Listed,Terrace
-83.00757569,42.32105523,462,872 Monmouth Rd,Heritage Register: Listed,Terrace
-83.00829687,42.32087627,463,869 Monmouth Rd,Heritage Register: Listed,Terrace
-83.00832952,42.32093107,464,865 Monmouth Rd,Heritage Register: Listed,Terrace
-83.00836031,42.32097937,465,863 Monmouth Rd,Heritage Register: Listed,Terrace
-83.00840208,42.32103144,466,859 Monmouth Rd,Heritage Register: Listed,Semi-Detached House
-83.00760170,42.32111333,467,868 Monmouth Rd,Heritage Register: Listed,Terrace
-83.00763998,42.32117457,468,864 Monmouth Rd,Heritage Register: Listed,Terrace
-83.00766856,42.32121518,469,862 Monmouth Rd,Heritage Register: Listed,Terrace
-83.00770602,42.32127169,470,858 Monmouth Rd,Heritage Register: Listed,Terrace
-83.00844378,42.32108659,471,853 Monmouth Rd,Heritage Register: Listed,Semi-Detached House
-83.00847857,42.32114690,472,847 Monmouth Rd,Heritage Register: Listed,Semi-Detached House
-83.00775008,42.32133372,473,852 Monmouth Rd,Heritage Register: Listed,Semi-Detached House
-83.00779380,42.32139052,474,846 Monmouth Rd,Heritage Register: Listed,Semi-Detached House
-83.00851280,42.32119970,475,841 Monmouth Rd,Heritage Register: Listed,Terrace
-83.00855133,42.32125351,476,837 Monmouth Rd,Heritage Register: Listed,Terrace
-83.00858226,42.32130587,477,835 Monmouth Rd,Heritage Register: Listed,Terrace
-83.00862188,42.32136303,478,831 Monmouth Rd,Heritage Register: Listed,Terrace
-83.00782214,42.32144431,479,840 Monmouth Rd,Heritage Register: Listed,Terrace
-83.00785857,42.32150430,480,836 Monmouth Rd,Heritage Register: Listed,Terrace
-83.00789474,42.32155092,481,834 Monmouth Rd,Heritage Register: Listed,Terrace
-83.00792851,42.32160511,482,830 Monmouth Rd,Heritage Register: Listed,Terrace
-83.00865945,42.32141745,483,827 Monmouth Rd,Heritage Register: Listed,Terrace
-83.00869641,42.32146832,484,823 Monmouth Rd,Heritage Register: Listed,Terrace
-83.00872737,42.32152197,485,821 Monmouth Rd,Heritage Register: Listed,Terrace
-83.00876419,42.32156838,486,817 Monmouth Rd,Heritage Register: Listed,Terrace
-83.00796011,42.32165281,487,826 Monmouth Rd,Heritage Register: Listed,Terrace
-83.00801111,42.32170683,488,822 Monmouth Rd,Heritage Register: Listed,Terrace
-83.00804025,42.32175663,489,820 Monmouth Rd,Heritage Register: Listed,Terrace
-83.00806370,42.32181386,490,816 Monmouth Rd,Heritage Register: Listed,Terrace
-83.00879995,42.32162293,491,811 Monmouth Rd,Heritage Register: Listed,Terrace
-83.00883640,42.32167695,492,809 Monmouth Rd,Heritage Register: Listed,Terrace
-83.00887276,42.32172072,493,807 Monmouth Rd,Heritage Register: Listed,Terrace
-83.00891097,42.32178494,494,803 Monmouth Rd,Heritage Register: Listed,Terrace
-83.00811311,42.32188402,495,812 Monmouth Rd,Heritage Register: Listed,Terrace
-83.00814861,42.32193056,496,808 Monmouth Rd,Heritage Register: Listed,Terrace
-83.00818188,42.32197386,497,806 Monmouth Rd,Heritage Register: Listed,Terrace
-83.00821218,42.32202712,498,802 Monmouth Rd,Heritage Register: Listed,Terrace
-83.00833622,42.32224735,499,796 Monmouth Rd,Heritage Register: Listed,Semi-Detached House
-83.00839768,42.32232444,500,786 Monmouth Rd,Heritage Register: Listed,Semi-Detached House
-83.00908870,42.32209587,501,783 Monmouth Rd,Heritage Register: Listed,Semi-Detached House
-83.00913957,42.32216551,502,779 Monmouth Rd,Heritage Register: Listed,Semi-Detached House
-83.00848426,42.32246231,503,766 Monmouth Rd,Heritage Register: Listed,Semi-Detached House
-83.00917324,42.32221624,504,765 Monmouth Rd,Heritage Register: Listed,Semi-Detached House
-83.00921311,42.32227597,505,763 Monmouth Rd,Heritage Register: Listed,Semi-Detached House
-83.00926041,42.32234191,506,747 Monmouth Rd,Heritage Register: Listed,Semi-Detached House
-83.00929679,42.32240547,507,745 Monmouth Rd,Heritage Register: Listed,Semi-Detached House
-83.00934029,42.32247079,508,729 Monmouth Rd,Heritage Register: Listed,Semi-Detached House
-83.00938565,42.32253240,509,725 Monmouth Rd,Heritage Register: Listed,Semi-Detached House
-83.00861047,42.32266259,510,734 Monmouth Rd,Heritage Register: Listed,Semi-Detached House
-83.00866411,42.32273674,511,724 Monmouth Rd,Heritage Register: Listed,Semi-Detached House
-83.00943740,42.32260897,512,705 Monmouth Rd,Heritage Register: Listed,House
-83.00892845,42.32335187,513,628 Monmouth Rd,Heritage Register: Listed,Walkerside Dairy
-83.02934549,42.31377986,514,840 Mercer St,Heritage Register: Listed,Parker Homestead House
-82.98319794,42.30477245,515,1980 Meldrum Rd / Tecumseh Rd E,Heritage Register: Listed,Grachanica Serbian Orthodox Church
-82.98610197,42.30560581,516,1847 Meldrum Rd,Heritage Register: Listed,St. Bernard School
-83.05947654,42.31445033,517,131 McEwan Ave,Heritage Register: Listed,Sheriff McEwan House
-83.03149051,42.31336299,518,795 McDougall St,Heritage Register: Designated,Mount Zion Church of God in Christ
-83.03244803,42.31629820,519,572 McDougall St,Heritage Register: Listed,Border Cities Arena
-83.02468678,42.31785181,520,821 Wyandotte St E / 686 Marentette Ave,Heritage Register: Listed,Immaculate Conception Church & Rectory
-83.05993515,42.26901062,521,4688 Malden Rd,Heritage Register: Listed,House
-83.02382544,42.31300663,522,708 Erie St E / 980 Louis Ave,Heritage Register: Listed,Sant'Angela Merici Church
-83.02913223,42.32015159,523,293 Louis Ave,Heritage Register: Listed,House
-83.00363511,42.30318986,524,1728 Lincoln Rd,Heritage Register: Listed,Emmanuel United Church / Ottawa United Ch.
-83.01581268,42.32094470,525,651-59 Lincoln Rd,Heritage Register: Listed,Lincoln Road United Church & Hall
-83.01701060,42.32282018,526,427 Lincoln Rd,Heritage Register: Listed,Robert Kerr House
-83.01722856,42.32434745,527,286 Lincoln Rd,Heritage Register: Listed,Fred W. Marshall House
-83.01801358,42.32437028,528,257-61 Lincoln Rd,Heritage Register: Listed,Jones-Miller House
-83.01808699,42.32447608,529,247 Lincoln Rd,Heritage Register: Listed,J.A. Gardner House
-82.97742142,42.32314601,530,971 Lawrence Rd,Heritage Register: Listed,House
-82.97729852,42.32392988,531,928 Lawrence Rd,Heritage Register: Listed,House
-83.02492090,42.32210295,532,247 Langlois Ave,Heritage Register: Listed,House
-83.02428463,42.32246836,533,226 Langlois Ave,Heritage Register: Listed,House
-82.99911501,42.30028336,534,2195 Kildare Rd,Heritage Register: Listed,House
-83.00693828,42.31353226,535,1240 Kildare Rd,Heritage Register: Listed,Semi-Detached House
-83.00698241,42.31360149,536,1236 Kildare Rd,Heritage Register: Listed,Semi-Detached House
-83.00709518,42.31378653,537,1228 Kildare Rd,Heritage Register: Listed,Semi-Detached House
-83.00716775,42.31389068,538,1224 Kildare Rd,Heritage Register: Listed,Semi-Detached House
-83.00720540,42.31395379,539,1220 Kildare Rd,Heritage Register: Listed,Semi-Detached House
-83.00852551,42.31491731,540,1167 Kildare Rd,Heritage Register: Listed,Chas. Isaacs House
-83.00790591,42.31512046,541,1166 Kildare Rd,Heritage Register: Listed,Cooper Court Garage House & Fence
-83.00812277,42.31545319,542,1142 Kildare Rd,Heritage Register: Designated,Dr. Freeman Brockenshire House
-83.00823301,42.31562235,543,1128 Kildare Rd,Heritage Register: Listed,A.J.M. Bowman House
-83.01133098,42.31958030,544,873 Kildare Rd,Heritage Register: Listed,Ridout-Parsons House (Bank of Commerce Mgrs.)
-83.01145405,42.31979540,545,863 Kildare Rd,Heritage Register: Listed,Grant-Peterson House
-83.01158078,42.31998120,546,849 Kildare Rd,Heritage Register: Designated,Victor Williamson House "The Cobbles"
-83.01183701,42.32008845,547,841 Kildare Rd,Heritage Register: Designated,Miers-Fraser House
-83.01193486,42.32022395,548,833 Kildare Rd,Heritage Register: Listed,Francis Allum House
-83.01203759,42.32035271,549,825 Kildare Rd,Heritage Register: Listed,Wm. Woollatt House
-83.01234654,42.32084006,550,797-99 Kildare Rd,Heritage Register: Listed,Robt. H. Revell House
-83.01172071,42.32108118,551,796 Kildare Rd,Heritage Register: Listed,Wm. H. Smith House
-83.01180004,42.32120798,552,776 Kildare Rd,Heritage Register: Listed,Edward F. Ladore House
-83.01187712,42.32132640,553,760 Kildare Rd,Heritage Register: Listed,John E. Doane House
-83.01196413,42.32145168,554,734 Kildare Rd,Heritage Register: Listed,Warren Seagrave House
-83.01263732,42.32128829,555,727 Kildare Rd,Heritage Register: Listed,Norman B. Vrooman House
-83.01206798,42.32161560,556,712 Kildare Rd,Heritage Register: Listed,Daniel McKillop House
-83.01288683,42.32170957,557,691-95 Kildare Rd,Heritage Register: Listed,Sidney C. Robinson House
-83.01294484,42.32181039,558,679 Kildare Rd,Heritage Register: Listed,Semi-Detached House C.H. Gauthier
-83.01298463,42.32186717,559,677 Kildare Rd,Heritage Register: Listed,Semi-Detached House Ida Stewart
-83.01304580,42.32195490,560,665 Kildare Rd,Heritage Register: Listed,Alex Douglas House
-83.01311364,42.32205136,561,651 Kildare Rd,Heritage Register: Listed,Semi-Detached House S.E. McGorman
-83.01315896,42.32211601,562,649 Kildare Rd,Heritage Register: Listed,Semi-Detached House C.G. Hallowell
-83.01320434,42.32220133,563,637 Kildare Rd,Heritage Register: Listed,Geo. M. Gubb House
-83.01327067,42.32229709,564,623 Kildare Rd,Heritage Register: Listed,Semi-Detached House H.D. Drake
-83.01330099,42.32235514,565,621 Kildare Rd,Heritage Register: Listed,Semi-Detached House Wm. R. Woollatt
-83.01373399,42.32298226,566,549 Kildare Rd,Heritage Register: Listed,L. Kendall House
-83.01379994,42.32310604,567,537 Kildare Rd,Heritage Register: Designated,DeGurse-McEwen House
-83.01311316,42.32326277,568,536 Kildare Rd,Heritage Register: Designated,Quad-plex Walter F. Cole
-83.01316058,42.32332800,569,534 Kildare Rd,Heritage Register: Designated,Quad-plex Edwin Chater
-83.01319712,42.32338941,570,516 Kildare Rd,Heritage Register: Listed,Quad-plex Thos. K. Niven
-83.01325233,42.32346183,571,510 Kildare Rd,Heritage Register: Listed,Quad-plex Thos. K. Hall
-83.01387326,42.32322871,572,509 Kildare Rd,Heritage Register: Listed,Harry Morris House
-83.01405311,42.32351786,573,487 Kildare Rd,Heritage Register: Listed,Walter Chater House (Mayor)
-83.01341174,42.32374647,574,484 Kildare Rd,Heritage Register: Listed,Andrew Reid House
-83.01419662,42.32376772,575,447 Kildare Rd,Heritage Register: Listed,William C. White House (Mayor)
-83.01413425,42.32364183,576,477 Kildare Rd,Heritage Register: Listed,E. Stewart House
-83.01350243,42.32387023,577,468 Kildare Rd,Heritage Register: Listed,Jos. Graveline House
-83.01428184,42.32388187,578,423 Kildare Rd,Heritage Register: Listed,J.E. Dobie House (Mayor)
-83.01361526,42.32400719,579,420 Kildare Rd,Heritage Register: Designated,Walkerville Garage
-82.96453789,42.32971242,580,283 Jefferson Blvd,Heritage Register: Listed,M.G. Brick House
-82.96518924,42.33054234,581,249 Jefferson Blvd,Heritage Register: Listed,Harold C. Beckett House
-82.96450107,42.33124434,582,234 Jefferson Blvd,Heritage Register: Listed,L. Butcher House
-82.96459605,42.33138438,583,226 Jefferson Blvd,Heritage Register: Listed,Matilda & Catherine Cotter House
-82.96553222,42.33126520,584,219 Jefferson Blvd,Heritage Register: Listed,House
-83.04363475,42.31266057,585,548 Janette Ave,Heritage Register: Listed,House
-83.01434598,42.29745635,586,647 Irvine Ave,Heritage Register: Listed,Ste. Genevieve School
-83.06924575,42.30615503,587,400 Huron Church Rd,Heritage Register: Listed,Assumption College - Hall (#3) & Chapel
-82.99531863,42.25544833,588,3954 Howard Ave,Heritage Register: Listed,Morand Family Farm House
-83.01898519,42.29873391,589,1687 Highland Ave,Heritage Register: Listed,House
-83.02062362,42.32358537,590,248-50 Hall Ave,Heritage Register: Listed,Duplex
-83.03062386,42.30714722,591,1149 Goyeau St,Heritage Register: Listed,Bell Canada
-82.96494523,42.32764179,592,881 Glidden Ave,Heritage Register: Listed,Riverside United Church
-83.03397327,42.30461000,593,274 Giles Blvd W,Heritage Register: Listed,Granada Apartments
-83.03253093,42.30519353,594,114 Giles Blvd W,Heritage Register: Listed,Christian Science Church
-83.01744814,42.31014797,595,949 Giles Blvd E,Heritage Register: Listed,Prince Edward School
-83.02019049,42.31130812,596,874 Giles Blvd E,Heritage Register: Listed,W.D. Lowe High School
-83.02888536,42.30591961,597,115 Giles Blvd E,Heritage Register: Listed,Synagogue Shaar Hashomayim
-82.97550393,42.31491006,598,1648 Francois Rd,Heritage Register: Listed,David Maxwell School
-82.97265700,42.32846232,599,282 Ford Blvd,Heritage Register: Listed,House
-82.97295365,42.32893255,600,266 Ford Blvd,Heritage Register: Listed,House
-82.97457723,42.33003419,601,221 Ford Blvd,Heritage Register: Listed,House
-83.04174833,42.31816795,602,167-81 Ferry St,Heritage Register: Designated,Windsor Star
-82.95093639,42.33499027,603,246 Fairview Blvd,Heritage Register: Listed,House
-82.96568052,42.32842713,604,840 Esdras Ave,Heritage Register: Listed,Riverside Presbyterian Church
-82.96656032,42.32846157,605,827 Esdras Ave,Heritage Register: Designated,Esdras Parent House
-83.03598222,42.30843567,606,212-48 Erie St W,Heritage Register: Listed,Commercial
-83.02855718,42.30257274,607,16-30 Ellis St E / 1398 Ouellette Ave,Heritage Register: Listed,Royal Apartments
-83.03635395,42.31113605,608,131 Elliott St W,Heritage Register: Listed,A.E. Bowman House
-82.94610441,42.33111823,609,868 Eastlawn Ave,Heritage Register: Listed,House
-82.94620415,42.33126584,610,862 Eastlawn Ave,Heritage Register: Listed,House
-82.94627441,42.33138904,611,856 Eastlawn Ave,Heritage Register: Listed,House
-82.94641923,42.33160814,612,848 Eastlawn Ave,Heritage Register: Listed,House
-82.99495607,42.31300624,613,1457 Drouillard Rd,Heritage Register: Listed,Ukrainian Labour Federation Temple
-82.99648902,42.31536836,614,1321 Drouillard Rd,Heritage Register: Listed,House
-82.99901561,42.32022584,615,1094 Drouillard Rd,Heritage Register: Listed,St. John the Divine Russian Orthodox Church
-83.03387177,42.30321322,616,1265 Dougall Ave,Heritage Register: Listed,House
-83.03990801,42.31375239,617,548 Dougall Ave,Heritage Register: Listed,House
-83.04001479,42.31390336,618,532 Dougall Ave,Heritage Register: Listed,House
-83.04006095,42.31397892,619,526 Dougall Ave,Heritage Register: Listed,House
-83.01138539,42.32140382,620,765 Devonshire Rd,Heritage Register: Listed,Archie L. Colby House
-83.00590709,42.31404938,621,1234 Devonshire Rd,Heritage Register: Listed,Mgt. Benfield House
-83.00663522,42.31409133,622,1223 Devonshire Rd,Heritage Register: Listed,Ernest Zeron House
-83.00656437,42.31507851,623,1190 Devonshire Rd,Heritage Register: Listed,Clement King House
-83.00666309,42.31523678,624,1182 Devonshire Rd,Heritage Register: Listed,John Strain House
-83.00674638,42.31536985,625,1174 Devonshire Rd,Heritage Register: Listed,Earnest Carr House
-83.00745484,42.31525214,626,1165 Devonshire Rd,Heritage Register: Listed,Cooper Court Fence; Later House
-83.00764430,42.31561021,627,1141 Devonshire Rd,Heritage Register: Listed,G.G. Benfield House
-83.00865622,42.31830622,628,982 Devonshire Rd,Heritage Register: Listed,Charles S. King House
-83.01114813,42.32085518,629,811 Devonshire Rd,Heritage Register: Designated,Ambery-Isaacs House - "Foxley"
-83.01064283,42.32145906,630,794 Devonshire Rd,Heritage Register: Designated,Porter-Coate House
-83.01129173,42.32125032,631,793 Devonshire Rd,Heritage Register: Designated,Bell-Coulter House
-83.01073387,42.32159229,632,766 Devonshire Rd,Heritage Register: Listed,Neils C. Ortved House
-83.01084545,42.32176668,633,748 Devonshire Rd,Heritage Register: Listed,G.E. White House
-83.01097545,42.32196214,634,712 Devonshire Rd,Heritage Register: Designated,McDougall-Stodgell House
-83.01163097,42.32180085,635,709 Devonshire Rd,Heritage Register: Designated,George M. Duck House
-83.01119089,42.32229520,636,692 Devonshire Rd,Heritage Register: Listed,Semi-Detached House
-83.01124964,42.32235906,637,684 Devonshire Rd,Heritage Register: Listed,Semi-Detached House
-83.01128758,42.32243567,638,674 Devonshire Rd,Heritage Register: Listed,Semi-Detached House
-83.01133378,42.32250807,639,666 Devonshire Rd,Heritage Register: Listed,Semi-Detached House
-83.01146334,42.32271523,640,642 Devonshire Rd,Heritage Register: Listed,Semi-Detached House
-83.01150380,42.32278298,641,634 Devonshire Rd,Heritage Register: Listed,Semi-Detached House
-83.01154845,42.32285293,642,626 Devonshire Rd,Heritage Register: Listed,Semi-Detached House
-83.01159088,42.32291559,643,618 Devonshire Rd,Heritage Register: Listed,Semi-Detached House
-83.01187581,42.32339157,644,580 Devonshire Rd,Heritage Register: Listed,Semi-Detached House (both sides)
-83.01262155,42.32337333,645,547 Devonshire Rd,Heritage Register: Listed,John Bott House
-83.01210151,42.32375763,646,518 Devonshire Rd,Heritage Register: Listed,Semi-Detached House
-83.01216522,42.32385321,647,514 Devonshire Rd,Heritage Register: Listed,Semi-Detached House
-83.01274980,42.32354960,648,511-17 Devonshire Rd,Heritage Register: Listed,Thomas Reid House
-83.01320969,42.32427929,649,415 Devonshire Rd,Heritage Register: Listed,Canadian Bank of Commerce
-83.01429311,42.32525642,650,325 Devonshire Rd,Heritage Register: Listed,Walker Power Bldg.
-83.05636585,42.31155500,651,337 Curry Ave,Heritage Register: Listed,House
-83.04958635,42.31523708,652,274 Crawford Ave,Heritage Register: Listed,Frank Cleary House
-83.00589448,42.24224972,653,925 Cousineau Rd,Heritage Register: Designated,Holy Redeemer College
-83.04066138,42.31214822,654,641 Church St,Heritage Register: Listed,House
-83.01128158,42.31747486,655,973 Chilver Rd,Heritage Register: Listed,Geo. Oldershaw House
-83.01202495,42.31863767,656,907 Chilver Rd,Heritage Register: Listed,J. Wesley Petch House
-83.01369470,42.32124083,657,705 Chilver Rd,Heritage Register: Listed,Saml. Berman House
-83.01375176,42.32132919,658,691 Chilver Rd,Heritage Register: Listed,Wm. Wickett House
-83.01488468,42.32308520,659,491 Chilver Rd,Heritage Register: Listed,Victor Williamson House
-83.01465131,42.32366401,660,400 Chilver Rd,Heritage Register: Listed,Exchange Hotel / Victoria Tavern
-83.01562846,42.32433500,661,341-43 Chilver Rd,Heritage Register: Listed,R. Green House
-83.04016708,42.31830092,662,52 Chatham St W,Heritage Register: Listed,Equity Chambers
-83.03117276,42.32057649,663,568 Chatham St E,Heritage Register: Listed,Eaton-Clark Co. Chemicals, Dyes
-83.08255582,42.28793692,664,395 Chappell Ave,Heritage Register: Listed,House
-82.98908557,42.31809558,665,1321 Central Ave,Heritage Register: Listed,House
-83.02744584,42.31511230,666,595 Cataraqui St,Heritage Register: Designated,Charles R. Cole House
-83.02757796,42.31508420,667,581 Cataraqui St / 800 Howard Ave,Heritage Register: Listed,Coronada Apartments
-83.04470040,42.31230846,668,542 Caron Ave,Heritage Register: Listed,Charles Hawkins House
-83.04674883,42.31430699,669,393 Caron Ave,Heritage Register: Listed,J.A. McKay House
-83.05286498,42.31135016,670,394-96 Cameron Ave,Heritage Register: Listed,Duplex
-83.06738697,42.31052724,671,165 California Ave,Heritage Register: Listed,David M. Eagle House - Mayor of Sandwich
-83.04355789,42.31345447,672,495-97 Bruce Ave,Heritage Register: Listed,Charles R. Horne House
-83.04430972,42.31460810,673,415 Bruce Ave,Heritage Register: Listed,John Turk House
-83.04599133,42.31719492,674,173 Bruce Ave,Heritage Register: Listed,Col. Joseph Hall Beattie House
-83.07466451,42.29927420,675,462 Brock St,Heritage Register: Listed,House
-83.01383848,42.30867326,676,1125 Ottawa St / Benjamin Ave,Heritage Register: Designated,Sacred Heart Ch.now St.Mary/Moses Coptic Orthodox
-83.01647100,42.32311566,677,1617-37 Assumption St / 416 Lincoln Rd,Heritage Register: Listed,Holland Block Apartments
-83.01708320,42.32294152,678,1551-91 Assumption St,Heritage Register: Listed,Holland Manor Apartments
-83.06289895,42.30719099,679,436 Askin Ave,Heritage Register: Listed,House
-83.06297536,42.30731633,680,424 Askin Ave,Heritage Register: Listed,House
-83.06403641,42.30725225,681,409 Askin Ave,Heritage Register: Listed,House
-83.06418275,42.30755098,682,395 Askin Ave,Heritage Register: Listed,House
-83.06347949,42.30779685,683,394 Askin Ave,Heritage Register: Listed,House
-83.00886768,42.32075211,684,858 Argyle Rd,Heritage Register: Listed,G.T. Bartlet House
-83.00956325,42.32183890,685,796 Argyle Rd,Heritage Register: Listed,House
-83.00968696,42.32203804,686,762 Argyle Rd,Heritage Register: Listed,T. Lacombe House
-83.00975026,42.32213115,687,748 Argyle Rd,Heritage Register: Listed,Semi-Detached House
-83.00979168,42.32219303,688,746 Argyle Rd,Heritage Register: Listed,Semi-Detached House
-83.00983702,42.32225931,689,728 Argyle Rd,Heritage Register: Listed,Semi-Detached House
-83.00987273,42.32231723,690,722 Argyle Rd,Heritage Register: Listed,Semi-Detached House
-83.00990668,42.32238192,691,710 Argyle Rd,Heritage Register: Listed,Semi-Detached House
-83.00994639,42.32244671,692,708 Argyle Rd,Heritage Register: Listed,Semi-Detached House
-83.01016236,42.32277609,693,686 Argyle Rd,Heritage Register: Listed,Tuscarora Apartments
-83.01027034,42.32295094,694,662 Argyle Rd,Heritage Register: Listed,Hiram Walker Cottage
-83.01031722,42.32303453,695,654 Argyle Rd,Heritage Register: Listed,Hiram Walker Cottage
-83.01037238,42.32311470,696,646 Argyle Rd,Heritage Register: Listed,Hiram Walker Cottage
-83.01097887,42.32304585,697,625-45 Argyle Rd,Heritage Register: Listed,Renfrew Apartments
-83.03332599,42.30437132,698,225 Giles Blvd W,Heritage Register: Designated,William T. Wesgate House
-83.04271546,42.31720078,699,309-27 Chatham St W / 221-41 Dougall Ave,Heritage Register: Designated,LaBelle Terrace
-83.02574808,42.29389777,700,2228 Victoria Ave,Heritage Register: Designated,Dr. Neil MacDonald House
-83.03470436,42.30661299,701,1089 Victoria Ave,Heritage Register: Designated,Harry E. Guppy House
-83.00886070,42.31926203,702,2014 Willistead Cres,Heritage Register: Designated,Dr. Henry Crassweller House
-83.00807334,42.31790281,703,2088 Willistead Cres,Heritage Register: Designated,Dr. Charles W. Hoare Residence
-83.02706462,42.29642754,704,166 Tecumseh Rd W,Heritage Register: Designated,St. Clare Church & Rectory/St. Peter's Maronite
-82.97669762,42.32462439,705,908 Dawson Rd,Heritage Register: Designated,Robinson-Beaudet House
-82.97419339,42.33062957,706,5325 Riverside Dr E,Heritage Register: Designated,Janisse-Schade House
-82.97756444,42.32435087,707,904 Lawrence Rd,Heritage Register: Designated,Addyman-Ould House
-83.03599670,42.30981753,708,916-18 Victoria Ave,Heritage Register: Designated,Wm. Donald McGregor House
-83.07675170,42.30202175,709,245 Mill St,Heritage Register: Designated,Perry-Breault House
-82.98445464,42.32709946,710,4371 Riverside Dr E,Heritage Register: Designated,Patrice Parent House
-83.07482725,42.29961622,711,3281 Peter St,Heritage Register: Designated,Gauthier House
-83.07285923,42.30457707,712,3069 Alexander Ave,Heritage Register: Designated,Masson-Deck House
-83.07487425,42.30152873,713,351 Mill St,Heritage Register: Designated,Arthur & Marie Langlois House
-83.05717544,42.31403098,714,204 Curry Ave,Heritage Register: Designated,Robert Gordon House
-83.01231420,42.32436948,715,420 Devonshire Rd,Heritage Register: Designated,Walkerville Post Office
-83.06754657,42.30988706,716,224 Sunset Ave,Heritage Register: Designated,Jasperson-Appel House
-83.01306589,42.32517801,717,350 Devonshire Rd,Heritage Register: Designated,Walkerville Town Hall
-83.00819032,42.32300217,718,721 Walker Rd,Heritage Register: Designated,Semi-Detached House
-83.08043902,42.29190656,719,3652 Peter St,Heritage Register: Designated,Sandwich First Baptist Church
-83.04128694,42.31308251,720,567 Church St,Heritage Register: Designated,Revell-D'Avignon House
-83.03766984,42.31240436,721,694 Victoria Ave,Heritage Register: Designated,Abner Nash House
-83.01166549,42.32303506,722,606 Devonshire Rd / Wyandotte St E,Heritage Register: Designated,Royal Bank of Canada
-83.00864114,42.31875294,723,2011 Willistead Cres,Heritage Register: Designated,G. Tate Easton House
-83.01141949,42.32265614,724,650 Devonshire Rd,Heritage Register: Designated,Semi-Detached House
-83.03322576,42.30949125,725,986 Ouellette Ave,Heritage Register: Designated,Masonic Temple
-83.07872187,42.29750335,726,3402 Sandwich St,Heritage Register: Designated,Baby-Lajeunesse House
-83.07601961,42.30198239,727,3200 Sandwich St,Heritage Register: Designated,Robinet Winery Bldg.
-83.07555521,42.30300379,728,3164 Sandwich St,Heritage Register: Designated,Wigle-Hanaka House
-83.07529227,42.30344370,729,3140 Sandwich St,Heritage Register: Designated,Dominion House Tavern
-83.00853377,42.32253276,730,756 Monmouth Rd,Heritage Register: Designated,Semi-Detached House
-83.00857717,42.32259957,731,744 Monmouth Rd,Heritage Register: Designated,Semi-Detached House
-83.00870619,42.32281003,732,716 Monmouth Rd,Heritage Register: Designated,Semi-Detached House
-83.00874658,42.32287056,733,704 Monmouth Rd,Heritage Register: Designated,Semi-Detached House
-83.01300153,42.32305203,734,1900-42 Wyandotte St E,Heritage Register: Designated,Imperial Bldg.
-83.03861333,42.31465018,735,511 Pelissier St,Heritage Register: Designated,Y.M.C.A.
-83.00801004,42.32271126,736,753 Walker Rd,Heritage Register: Designated,Semi-Detached House
-83.01137294,42.32257829,737,656 Devonshire Rd,Heritage Register: Designated,Semi-Detached House
-83.01412566,42.32204614,738,1799 Wyandotte St E,Heritage Register: Designated,Bank of Montreal
-83.00796055,42.32265010,739,763 Walker Rd,Heritage Register: Designated,Semi-Detached House
-83.00805195,42.32277820,740,749 Walker Rd,Heritage Register: Designated,Semi-Detached House
-83.00808977,42.32284085,741,739 Walker Rd,Heritage Register: Designated,Semi-Detached House
-83.00813822,42.32292115,742,731 Walker Rd,Heritage Register: Designated,Semi-Detached House
-83.01197090,42.32353799,743,548 Devonshire Rd,Heritage Register: Designated,Semi-Detached House
-83.01203945,42.32364785,744,546 Devonshire Rd,Heritage Register: Designated,Semi-Detached House
-83.03376421,42.30863773,745,1011 Ouellette Ave,Heritage Register: Designated,Medical Arts Bldg.
-83.03729829,42.31183600,746,742 Victoria Ave,Heritage Register: Designated,Taylor-Growe House
-83.07543446,42.30178234,747,3201 Sandwich St,Heritage Register: Designated,Sandwich Post Office
-83.03757778,42.31092208,748,803 Victoria Ave,Heritage Register: Designated,Ernest G. Henderson House
-83.01282520,42.32482163,749,378-96 Devonshire Rd,Heritage Register: Designated,Crown Inn
-83.07632177,42.30018485,750,3277 Sandwich St,Heritage Register: Designated,Mackenzie Hall / Essex County Court House
-83.06971976,42.30741853,751,350 Huron Church Rd / University Ave W,Heritage Register: Designated,Assumption Church
-83.07714678,42.30205411,752,221 Mill St / Russell St,Heritage Register: Designated,Duff-Baby Mansion
-83.01038152,42.31828287,753,1899 Niagara St,Heritage Register: Designated,Willistead Manor
-83.04251314,42.31853227,754,254 Pitt St W,Heritage Register: Designated,François Baby House / Museum Windsor
-83.02068895,42.30269825,755,1501 Howard Ave,Heritage Register: Listed,Purity Dairy Bldg.
-83.01119972,42.31939484,756,889 Kildare Rd,Heritage Register: Designated,Stephen A. Griggs House
-83.03817673,42.31185955,757,719 Victoria Ave,Heritage Register: Designated,Treble-Large House
-83.07501119,42.30394253,758,3118 Sandwich St,Heritage Register: Designated,McGregor-Cowan House
-83.03884289,42.31288819,759,627 Victoria Ave,Heritage Register: Listed,George Nairn House
-83.03787016,42.31271372,760,664 Victoria Ave,Heritage Register: Listed,Temple Baptist Church / Downtown Mission
-83.00679302,42.31228050,761,1287 Kildare Rd,Heritage Register: Designated,Arthur Davidson Apartments
-83.03788350,42.31803348,762,70 University Ave E,Heritage Register: Designated,Tunnel Ventilation Bldg.
-83.07486221,42.30127935,763,363 Mill St,Heritage Register: Designated,Sandwich Fire Hall
-83.07383074,42.30122288,764,3203 Peter St,Heritage Register: Designated,Mason-Girardot Manor
-83.02905452,42.31049456,765,397 Erie St E / McDougall St,Heritage Register: Listed,Wigle Park Change Rooms
-83.01162022,42.32389891,766,525 Argyle Rd,Heritage Register: Listed,Hiram Walker Warehouse
-83.00287804,42.25773286,767,180 Cabana Rd W,Heritage Register: Listed,House
-83.07035731,42.29864268,768,749 Felix Ave,Heritage Register: Listed,J.L. Forster Collegiate Institute / General Byng
-82.94708248,42.33939358,769,242 Lauzon Rd,Heritage Register: Listed,Riverside Town Hall, former
-83.06449270,42.28975287,770,3557 Melbourne Rd,Heritage Register: Listed,Marlborough School
-83.07458179,42.30101011,771,3222 Peter St,Heritage Register: Listed,House With Coloured Glass Porch
-83.07628448,42.29742705,772,3381 Peter St,Heritage Register: Listed,Terrace
-83.07636194,42.29727310,773,3385-91 Peter St,Heritage Register: Listed,Terrace, for Robinet Brick Workers
-83.02888426,42.30039345,774,74 Shepherd St W,Heritage Register: Listed,Ste. Claire Apartments
-83.08009152,42.29255130,775,375 Watkins St,Heritage Register: Listed,Homer Watkins House
-83.03781073,42.31360476,776,101 Wyandotte St W / 601 Pelissier St,Heritage Register: Listed,Office / Retail
-83.06300758,42.30602208,777,503 Askin Ave,Heritage Register: Listed,House possibly Askin Homestead
-83.06033709,42.31314416,778,191 Campbell Ave,Heritage Register: Listed,House
-83.04097062,42.31811575,779,156 Chatham St W,Heritage Register: Listed,Universal Car/Baum & Brody Furniture/Fish Mkt.
-83.02867482,42.30012612,780,1504 Pelissier St,Heritage Register: Listed,Windsor Utilities Comm. Gordon H. Fuller Substation
-83.05006256,42.31676712,781,825 Riverside Dr W,Heritage Register: Listed,CBC Radio-Canada TV/Radio
-83.02792884,42.32016738,782,751 University Ave E,Heritage Register: Listed,House
-82.99644969,42.29087614,783,2585 Lincoln Rd,Heritage Register: Listed,Woodall House
-82.99956180,42.30331515,784,1811 Durham Pl,Heritage Register: Listed,House
-83.06858401,42.29630811,785,937 Felix Ave,Heritage Register: Listed,Felix Girardot House
-82.96927498,42.32628212,786,911 Prado Pl,Heritage Registered: Listed,House
-82.97391785,42.33070467,787,5343 Riverside Dr E,Heritage Register: Listed,Kiborn-Beaumont House
-82.99150559,42.31250102,788,3065 Seminole St,Heritage Register: Listed,SS. Cyril & Methodius Catholic Church
-82.97679141,42.32544083,789,871 Raymo Rd,Heritage Register: Listed,House
-83.07198894,42.28869826,790,1051 Prince Rd / Barrymore Lane,Heritage Register: Listed,Mic-Mac Park Gates
-83.00613806,42.31442920,791,1218 Devonshire Rd,Heritage Register: Listed,Harold Wurster House
-83.01688730,42.30629585,792,1396 Elsmere Ave / 868 Ellis St E,Heritage Register: Listed,Free Magyar Reformed Church
-83.01756586,42.29983148,793,1650 Howard Ave,Heritage Register: Listed,Coca-Cola Bottling Plant
-82.99551262,42.25476174,794,3982 Howard Ave,Heritage Register: Listed,House
-83.02961950,42.31142246,795,956 McDougall St,Heritage Register: Listed,Windsor Utilities Comm. Bldg.
-82.97415809,42.31739615,796,1566 Pillette Rd,Heritage Register: Designated,Hong Family House
-83.02886964,42.31975951,797,685 University Ave E,Heritage Register: Listed,British Methodist Episcopal Church
-83.02819400,42.32059107,798,744 University Ave E,Heritage Register: Listed,Multi-Unit Dwelling
-83.01576062,42.26686291,799,3200 Woodland Ave,Heritage Register: Listed,Paulin Memorial Presbyterian Church
-83.04159197,42.31215998,800,465 Wyandotte St W,Heritage Register: Listed,Nash Motor Sales
-82.99648905,42.29715613,801,1909 Loraine Ave,Heritage Register: Listed,Clinker-Brick House
-82.96616838,42.26748817,802,2600 Airport Rd (3200 County Rd 42),Heritage Register: Listed,Windsor Airport Hangar 401
-82.98846939,42.29790417,803,2545 Chrysler Centre / 2495 Ypres Ave,Heritage Register: Listed,Chrysler Power Plant
-83.02731940,42.29121317,804,2335 Dougall Ave,Heritage Register: Listed,Elmwood Casino / Fr.Paul Charbonneau Centre
-83.02665440,42.29068617,805,2345 Dougall Ave,Heritage Register: Listed,Elmwood Motor Hotel / Brentwood Residence
-82.92203538,42.34490318,806,Peche Island,Heritage Register: Listed,Hiram Walker Bridge & Canal
-83.01439440,42.32611418,807,1950 Riverside Dr E,Heritage Register: Listed,Hiram Walker Grain Silos
-82.96794439,42.33219418,808,Riverside Dr E / Esdras Pl,Heritage Register: Listed,Esdras Place Park
-83.07166242,42.30899117,809,Riverside Dr W / Huron Church Rd,Heritage Register: Listed,Assumption Park Washrooms
-82.97656639,42.32657118,810,5055 Wyandotte St E,Heritage Register: Listed,Our Lady of Guadalupe Church
-83.00086639,42.29224917,811,1075 Ypres Ave,Heritage Register: Listed,Memorial Park Washrooms
-83.01421256,42.27259696,812,3021 Dougall Ave.,Heritage Register: Listed,Arcata/Capri Pizzeria Sign
-83.01240740,42.32606318,813,1950-2072 Riverside Dr E,Heritage Register: Designated,Hiram Walker & Sons Office Bldg.
-83.04803951,42.31159998,814,523 Crawford Ave,Heritage Register: Listed,House
-83.01145155,42.32155914,815,743 Devonshire Rd,Heritage Register: Listed,Chick-McDougald House
-83.02998580,42.30212201,816,74 Ellis St W,Heritage Register: Listed,The Nelmes Apartments
-83.02093609,42.31371266,817,894-96 Erie St E / 997 Parent Ave,Heritage Register: Listed,Commercial Bldg.
-83.03634342,42.30829426,818,280 Erie St W,Heritage Register: Listed,Garden Court Apartments
-83.02239015,42.30922553,819,610 Giles Blvd E,Heritage Register: Listed,Shaarey Zedek Synagogue
-83.02070364,42.30919195,820,795 Giles Blvd E,Heritage Register: Listed,Giles Boulevard United Church
-83.00044779,42.28338347,821,940 Grand Marais Rd E,Heritage Register: Listed,Fred Meyers Hydro Substation
-83.02675028,42.26836497,822,1310 Grand Marais Rd W,Heritage Register: Listed,Nikola Budimir Memorial Library
-83.04483788,42.31341626,823,475 Janette Ave,Heritage Register: Listed,House
-83.05022620,42.27956433,824,2590 Kenora St,Heritage Register: Listed,Michael Patrick Hydro Substation
-83.01642206,42.30908080,825,1275 Langlois Ave,Heritage Register: Listed,Dom Polski Ludowy
-83.01724328,42.32040274,826,664 Moy Ave,Heritage Register: Listed,House
-83.01080775,42.31319765,827,1563-89 Ontario St,Heritage Register: Listed,Marentette Apts.
-83.03787967,42.31517260,828,487 Ouellette Ave,Heritage Register: Listed,Bank of Nova Scotia
-83.02900822,42.30104738,829,1461 Ouellette Ave,Heritage Register: Listed,Duplex
-83.02787980,42.29885922,830,1561 Ouellette Ave,Heritage Register: Listed,St. Paul’s Anglican Church
-83.00653956,42.29862582,831,2153 Parkwood Ave,Heritage Register: Listed,St. Michael's Church
-83.03322014,42.26277744,832,3125 Randolph Ave,Heritage Register: Listed,House
-83.02053891,42.32454962,833,1387 Riverside Dr E,Heritage Register: Listed,House
-83.04817014,42.31824136,834,620 Riverside Dr W,Heritage Register: Listed,Caron Avenue Pumping Station (C.M.H. Woods)
-83.05307564,42.31667875,835,1045 Riverside Dr W,Heritage Register: Listed,House
-82.97465253,42.30710568,836,1965 Rossini Blvd,Heritage Register: Listed,House
-82.99688485,42.31168088,837,2520 Seminole St,Heritage Register: Listed,Croatian National Home
-83.08998425,42.25588939,838,715 Sprucewood Ave,Heritage Register: Listed,Canadian Steel Wire Mill
-83.03823564,42.31801931,839,44 University Ave E,Heritage Register: Listed,Greyhound Bus Station
-83.04244120,42.31312010,840,474-80 Vera Pl,Heritage Register: Listed,Multi-Unit Dwelling
-83.03692900,42.30992470,841,887 Victoria Ave,Heritage Register: Listed,James Pennington House
-83.03572301,42.30939879,842,942 Victoria Ave,Heritage Register: Designated,Rigg-Shanfield House
-83.03621650,42.30883402,843,965 Victoria Ave,Heritage Register: Listed,House
-83.03529956,42.30741641,844,1043 Victoria Ave,Heritage Register: Listed,Anderson House; Carriage Step
-83.03162698,42.30303131,845,1320 Victoria Ave,Heritage Register: Listed,J.C. Pennington House
-83.03161296,42.30172786,846,1387 Victoria Ave,Heritage Register: Listed,House
-83.02636107,42.29485539,847,2178 Victoria Ave,Heritage Register: Listed,House
-83.02569147,42.29378591,848,2234 Victoria Ave,Heritage Register: Listed,House
-83.02586319,42.29288985,849,2275 Victoria Ave,Heritage Register: Listed,House
-83.02580868,42.29279328,850,2281 Victoria Ave,Heritage Register: Listed,House
-83.02571978,42.29264855,851,2287 Victoria Ave,Heritage Register: Listed,House
-83.00488798,42.26263599,852,3584 Victoria Blvd,Heritage Register: Listed,Mrs. F.E. Currah House
-83.02350489,42.31861503,853,907-17 Wyandotte St E,Heritage Register: Listed,Commercial Bldg.
-83.02340254,42.31864697,854,919-23 Wyandotte St E,Heritage Register: Listed,Commercial Bldg.
-83.03606651,42.31810236,855,350 City Hall Sq W,Heritage Register: Listed,Cenotaph
-83.07610891,42.29895240,856,3305 Sandwich St,Heritage Register: Designated,St. John's Cemetery
-83.00291455,42.32339744,857,2744 Edna St / 2601 Wyandotte St E,Heritage Register: Listed,Ford Canada No. 2 (E) / Long Manufacturing
-83.02467331,42.31717233,858,706 Marentette Ave,Heritage Register: Listed,Martin Manor Apartments
-82.98857991,42.25577942,859,761 Morand St.,Heritage Register: Listed,Raymond Masters House
-83.03870947,42.31647924,860,375 Ouellette Ave.,Heritage Register: Listed,McCreery's/Birks Jewellers
-83.01862032,42.30983116,861,1215 Parent Ave.,Heritage Register: Listed,Trinity Lutheran Church
-83.01223502,42.32656623,862,2072 Riverside Dr E,Heritage Register: Designated,Wiser's Reception Centre
-83.00650506,42.25788072,863,475 Roselawn Dr.,Heritage Register: Listed,House
-82.94766628,42.32994710,864,7439 St. Rose Ave,Heritage Register: Listed,Langlois House
-83.06677752,42.30520406,865,401 Sunset Ave,Heritage Register: Listed,Essex Hall, University of Windsor
-83.01910990,42.29414119,866,245 Tecumseh Rd E/McDougall St./Logan Ave.,Heritage Register: Listed,Windsor Stadium
-83.04083464,42.31738679,867,156-190 University Ave. W.,Heritage Register: Listed,Metropolitan/ Guaranty Trust Building
-83.03521270,42.31810006,868,330 City Hall Square,Heritage Register: Listed,All Saints' Rectory
-83.03531434,42.31828957,869,330 City Hall Square,Heritage Register: Listed,All Saints' Church
-83.03515385,42.31745984,870,350 City Hall Square W.,Heritage Register: Listed,City Hall
-83.03228667,42.30798692,871,1004 Ouellette Ave,Heritage Register: Listed,Hôtel-Dieu Hospital Wing
-83.03270091,42.30840898,872,1004 Ouellette Ave,Heritage Register: Listed,Hôtel-Dieu Hospital Wing
-83.03267553,42.30883058,873,1004 Ouellette Ave,Heritage Register: Listed,Hôtel-Dieu Chapel
-83.03212660,42.30750378,874,1004 Ouellette Ave,Heritage Register: Listed,Hôtel-Dieu Jeanne Mance Residence
-83.03266298,42.30913221,875,1004 Ouellette Ave / 37 Erie St E,Heritage Register: Listed,Hôtel-Dieu Hospitallers Residence
-83.01070352,42.31919334,876,1899 Niagara St / 1889 Niagara St,Heritage Register: Designated,Willistead Gate House
-83.01109432,42.31810564,877,1899 Niagara St / 950 Chilver Rd,Heritage Register: Designated,Willistead Coach House
-83.01015068,42.31778897,878,1899 Niagara St,Heritage Register: Designated,Queen Victoria Fountain
-83.00938969,42.31858362,879,1899 Niagara St,Heritage Register: Designated,Oliver Newberry-Hiram Walker House Portico
-83.01052900,42.31930369,880,1899 Niagara St,Heritage Register: Designated,Willistead Gateway and Fence
-83.02675948,42.26543763,881,3117 Curry Ave,Heritage Register: Listed,Christ the King Rectory
-83.00655488,42.31395977,882,1229 Devonshire Rd,Heritage Register: Listed,Ernest W. Robinson House
-83.02764246,42.30227242,883,65 Ellis St. E.,Heritage Register: Listed,Holy Cross Greek Orthodox Church
-83.04002122,42.30699218,884,580 Erie St W,Heritage Register: Listed,Philadelphia Pentecostal Temple
-83.02154698,42.30948919,885,710 Giles Blvd E,Heritage Register: Listed,Milton Manor Apartments
-83.02488680,42.29983077,886,1556 Goyeau St,Heritage Register: Listed,Waverly Court Apartments
-83.01439825,42.30228908,887,860 Hanna St E,Heritage Register: Listed,Windsor Utilities Comm. Substation No. 27
-82.94001533,42.32770738,888,1086 Lauzon Rd,Heritage Register: Listed,Hydro Sub-Station No.61
-83.06484042,42.30355547,889,660 Patricia Rd,Heritage Register: Listed,Energy Conversion Centre, U of W
-83.03486366,42.30653789,890,240 Pine St,Heritage Register: Listed,Semi-detached matching Harry Guppy House
-83.03493890,42.30651487,891,242 Pine St,Heritage Register: Listed,Semi-detached matching Harry Guppy House
-83.06350098,42.30997174,892,308 Randolph Ave,Heritage Register: Listed,Victoria Manor Apartments
-83.06058290,42.31465633,893,Riverside Dr W / Campbell Ave,Heritage Register: Listed,IBC Marker
-83.02279327,42.29560186,894,125 Tecumseh Rd E / Ouellette Ave,Heritage Register: Listed,Queen Elizabeth II Gardens/ Sunken Gardens
-83.04130718,42.31688990,895,305 Victoria Ave,Heritage Register: Listed,Guaranty Trust Company
-83.00605284,42.31635568,896,1138 Argyle Rd.,Heritage Register: Listed,St. Anne's Rectory
-83.01127393,42.31508426,897,1106 Lincoln Rd.,Heritage Register: Listed,Bell Canada Exchange
-82.96659333,42.30974177,898,1982 Norman Rd.,Heritage Register: Listed,St. Jules School
-83.03448892,42.30630599,899,1107 Victoria Ave.,Heritage Register: Listed,House
-83.03260322,42.30333012,900,1291-93 Victoria Ave.,Heritage Register: Listed,Semi-Detached Houses
-83.01398593,42.32381073,901,400-500 blks Kildare Rd.,Heritage Register: Listed,Stone Curbs
-83.01351280,42.32306346,902,400-500 blks Kildare Rd.,Heritage Register: Listed,Stone Curbs
-83.01329084,42.32314780,903,400-500 blks Kildare Rd.,Heritage Register: Listed,Stone Curbs
-83.04626354,42.31767980,904,137 Bruce Ave,Heritage Register: Listed,Palmer Apartments
-83.04612275,42.31679346,905,560 Chatham St. W.,Heritage Register: Listed,Duplex
-83.04621406,42.31676840,906,570 Chatham St. W.,Heritage Register: Listed,Duplex
-83.04679277,42.31627632,907,629 Chatham St W,Heritage Register: Listed,Duplex
-83.04688492,42.31624705,908,639 Chatham St W,Heritage Register: Listed,Duplex
-83.00907287,42.31497907,909,1150 Chilver Rd.,Heritage Register: Listed,Howard H. Lees House
-83.00843742,42.31305494,910,1237 Chilver Rd.,Heritage Register: Listed,House
-83.01646820,42.32197407,911,553 Lincoln Rd.,Heritage Register: Listed,Superior Piston Ring Company
-83.00062152,42.32181066,912,999 Drouillard Rd.,Heritage Register: Listed,Provincial Bank of Canada
-83.04723680,42.31727812,913,147 Janette Ave,Heritage Register: Listed,Wilshire Apartments
-83.04708050,42.31697484,914,163 Janette Ave,Heritage Register: Listed,Commercial/Duplex
-83.04654933,42.31709052,915,164 Janette Ave / 587 Pitt St W,Heritage Register: Listed,House
-83.04648880,42.31699426,916,174 Janette Ave,Heritage Register: Listed,House
-83.04642584,42.31686191,917,178 Janette Ave,Heritage Register: Listed,House, large garage
-83.04696071,42.31674948,918,181 Janette Ave,Heritage Register: Listed,House
-83.04690735,42.31667208,919,187 Janette Ave,Heritage Register: Listed,House
-83.04637060,42.31672651,920,190 Janette Ave,Heritage Register: Listed,House
-83.04686086,42.31658934,921,193-195 Janette Ave,Heritage Register: Listed,Duplex
-83.04666666,42.31631942,922,211 Janette Ave.,Heritage Register: Listed,House
-83.02057913,42.31652001,923,868 Langlois Ave.,Heritage Register: Listed,Windsor Fire Station No. 3
-83.04616070,42.31753875,924,524 Pitt St. W,Heritage Register: Listed,Cairngorm Apartments
-83.04648704,42.31754167,925,552-554 Pitt St. W.,Heritage Register: Listed,Billing Apartments/Commercial
-83.04636314,42.31717982,926,563 Pitt St. W.,Heritage Register: Listed,House
-83.04665785,42.31741950,927,570 Pitt St. W.,Heritage Register: Listed,House / Commercial
-83.04684462,42.31736076,928,594 Pitt St. W.,Heritage Register: Listed,House
-83.04727498,42.31693558,929,631 Pitt St. W.,Heritage Register: Listed,Commercial/Duplex
-83.03846119,42.32036645,930,Riverside Dr E / near Goyeau St,Heritage Register: Listed,Canadian National Locomotive 5588 "Spirit of Windsor" (1963)
-83.02955592,42.31967950,931,635 University Ave E,Heritage Register: Listed,Meisener Wholesale Chocolates/Superior Produce
-83.00987013,42.32135098,932,807 Argyle Rd,Heritage Register: Listed,Wallmay Corner Post
-83.04162926,42.31048084,933,753 Bruce Ave,Heritage Register: Listed,Frank/Emilia Cundari House
-83.02920069,42.31635757,934,638 Glengarry Ave,Heritage Register: Listed,Belvedere Apartments
-83.06277479,42.28788678,935,1409 Granville Cres,Heritage Register: Listed,House
-83.02305480,42.31939112,936,575-581 Langlois Ave,Heritage Register: Listed,Commercial / Industrial
-83.01042256,42.32083512,937,2030 St. Mary's Gate,Heritage Register: Listed,Elmcroft Gate Posts
-82.97129205,42.32729215,938,839 Thompson Blvd,Heritage Register: Listed,House
-83.03723526,42.31172865,939,754-756 Victoria Ave,Heritage Register: Listed,Duplex
-83.03415232,42.30575955,940,1135 Victoria Ave,Heritage Register: Listed,House
-83.03048114,42.31619309,941,439-43 Wyandotte St E,Heritage Register: Listed,Meconi Block
-83.02929451,42.31660896,942,527-33 Wyandotte St E,Heritage Register: Listed,M Meretsky Building
-83.02916382,42.31665520,943,537-43 Wyandotte St E,Heritage Register: Listed,Malic's Delicatessen
-83.02703406,42.31778671,944,706-12 Wyandotte St E,Heritage Register: Listed,Commercial Building
-83.02232624,42.31951630,945,1022-30 Wyandotte St. E,Heritage Register: Listed,Oventhal Building
-83.02161961,42.31974274,946,1082 Wyandotte St. E,Heritage Register: Listed,Bates Furniture
-83.02085664,42.32004526,947,1154-56 Wyandotte St. E,Heritage Register: Listed,Friedman Furniture Co.
-83.01933499,42.32011350,948,1253-57 Wyandotte St E,Heritage Register: Listed,French Canadian Club
-83.01899177,42.32073073,949,1304-14 Wyandotte St E,Heritage Register: Listed,Dominion Stores
-83.01858010,42.32087838,950,1352-56 Wyandotte St E,Heritage Register: Listed,Commercial Bldg.
-83.01828330,42.32099758,951,1380-94 Wyandotte St E / 571-83 Moy Ave.,Heritage Register: Listed,Leatherdale Block
-83.01729955,42.32130229,952,1478 Wyandotte St E,Heritage Register: Listed,A. Minto and Company
-83.01654890,42.32117310,953,1505-33 Wyandotte St E,Heritage Register: Listed,Tivoli Pool Room, Casa Loma Restaurant
-83.01673006,42.32161590,954,1526-34 Wyandotte St E,Heritage Register: Listed,F. Nevin Building
-83.01376903,42.32228876,955,1801-33 Wyandotte St E,Heritage Register: Listed,Chilver Block
-83.01366197,42.32270195,956,1850-64 Wyandotte St E,Heritage Register: Listed,Victoria Cafe
-83.01530306,42.32208734,957,1660-98 Wyandotte St E,Heritage Register: Listed,Commercial Bldg.
-83.00532632,42.31504257,958,1206 Argyle Rd,Heritage Register: Listed,Terrace
-83.00529411,42.31499436,959,1208 Argyle Rd,Heritage Register: Listed,Terrace
-83.00527060,42.31494437,960,1210 Argyle Rd,Heritage Register: Listed,Terrace
-83.00523824,42.31489128,961,1212 Argyle Rd,Heritage Register: Listed,Terrace
-83.00540296,42.31510952,962,2115 Ontario St,Heritage Register: Listed,Terrace
-83.00526698,42.31517531,963,2123 Ontario St,Heritage Register: Listed,Terrace
-83.00519318,42.31519774,964,2135 Ontario St,Heritage Register: Listed,Terrace
-83.00512158,42.31522013,965,2137 Ontario St,Heritage Register: Listed,Terrace
-83.00543323,42.31363772,966,2050 Devonshire Crt,Heritage Register: Listed,House
-83.06695205,42.29420906,967,1055-59 Felix Ave,Heritage Register: Listed,Walkerside Dairy
-82.99619072,42.25617992,968,3893 Howard Ave,Heritage Register: Listed,Allen House
-83.06405775,42.29605599,969,1033 Huron Church Rd,Heritage Register: Listed,House
-83.01975470,42.31780931,970,808 Marion Ave,Heritage Register: Listed,Jeanne d'Arc School/ St. Casimir Church
-83.03068780,42.31322146,971,804 McDougall St,Heritage Register: Listed,Burroughs Bldg
-83.05898199,42.31366577,972,189 McEwan Ave,Heritage Register: Listed,Donald A. Banwell House
-83.02796032,42.29973981,973,1519 Ouellette Ave,Heritage Register: Listed,Commercial Building
-83.06441972,42.31168815,974,166 Randolph Pl,Heritage Register: Listed,Alphonse Nestman House
-82.99992795,42.32669868,975,3150 Riverside Dr E,Heritage Register: Listed,Ford Powerhouse Screen House
-82.97339006,42.33082408,976,5375 Riverside Dr E,Heritage Register: Listed,House
-82.96731246,42.33252439,977,5970 Riverside Dr E,Heritage Register: Listed,Gelling House
-83.07844454,42.29836132,978,3370 Sandwich St,Heritage Register: Listed,House
-83.00187579,42.30118360,979,1658-94 Tecumseh Rd E,Heritage Register: Listed,Windermere Block
-83.03750246,42.31077630,980,815 Victoria Ave,Heritage Register: Listed,James W. Brien House
-83.03664102,42.30946686,981,923 Victoria Ave,Heritage Register: Listed,House
-83.03649359,42.30923333,982,939 Victoria Ave,Heritage Register: Listed,W.W. Moxley House
-83.03569812,42.30806329,983,1005 Victoria Ave,Heritage Register: Listed,Alfred G. Bellinger House
-83.00690488,42.26574266,984,3424 Victoria Blvd,Heritage Register: Listed,Arthur S. Pearson House
